Workbook

Sheet 原本
A1: タイムスタンプ | B1: 回答代表者ご氏名 | C1: ご所属施設名 | D1: ご施設の都道府県 | E1: 貴院の理学療法士・作業療法士の代表者メールアドレス | F1: ご所属部署名・職種（任意） | G1: Q1. 2025年1月～12月における大腿骨近位部骨折の症例数を教えてください。（※保存加療症例を含む） | H1: Q2. 2025年1月～12月の期間において、大腿骨近位部骨折を担当した理学療法士（PT）の在籍人数を教えてください。 | I1: Q3. 2025年1月～12月の期間において、大腿骨近位部骨折を担当した作業療法士（OT）の在籍人数を教えてください。 | J1: Q4. 整形外科病棟における「リハビリテーション・栄養・口腔連携体制加算」の算定状況について、令和8年度診療報酬改定の発表前の時点でお答えください。【単一選択】 | K1: Q5. 手術前リハビリテーションで理学療法士または作業療法士が実施している内容を教えてください。【複数選択可】 | L1: Q6. 身体機能（疼痛、筋力低下など）が原因による制限 【4段階評価】 | M1: Q6-1. 「50％〜74％」「75％〜100％」を選択した方にお尋ねします。 →立位が可能になるために貴施設で取り組んでいる対応策を教えてください。【自由記述】 | N1: Q7. 精神・認知機能（認知機能低下、せん妄など）が原因による制限 【4段階評価】 | O1: Q7-1. 「50％〜74％」「75％〜100％」を選択した方にお尋ねします。 →立位が可能になるために貴施設で取り組んでいる対応策を教えてください。【自由記述】 | P1: Q8. 全身状態（呼吸・循環障害、貧血、電解質異常など）が原因による制限 【4段階評価】 | Q1: Q8-1. 「50％〜74％」「75％〜100％」を選択した方にお尋ねします。 →立位が可能になるために貴施設で取り組んでいる対応策を教えてください。【自由記述】 | R1: Q9. 環境的要因（ベッド配置、病室環境、動線などが起因するもの）が原因による制限 【4段階評価】 | S1: Q9-1. 「50％〜74％」「75％〜100％」を選択した方にお尋ねします。 →立位が可能になるために貴施設で取り組んでいる対応策を教えてください。【自由記述】 | T1: Q10． サルコペニアの評価として理学療法士または作業療法士が実施している評価項目を教えてください。 【複数選択可】 | U1: Q10-1 ※「実施していない」を選択した方におたずねします。 → 実施していない理由を教えてください。【自由記述】 | V1: Q11． フレイルの評価として理学療法士または作業療法士が実施している評価項目を教えてください。 【複数選択可】 | W1: Q11-1 ※「実施していない」を選択した方におたずねします。 → 実施していない理由を教えてください。【自由記述】 | X1: Q12． ロコモティブシンドロームの評価として理学療法士または作業療法士が実施している評価項目を教えてください。 【複数選択可】 | Y1: Q12-1 ※「実施していない」を選択した方におたずねします。 → 実施していない理由を教えてください。【自由記述】 | Z1: Q13． ADLの評価として理学療法士または作業療法士が実施している評価項目を教えてください。 【複数選択可】 | AA1: Q13-1 ※「実施していない」を選択した方におたずねします。 → 実施していない理由を教えてください。【自由記述】 | AB1: Q14． 認知機能の評価として理学,作業療法士または言語聴覚士が実施している評価項目を教えてください。 【複数選択可】 | AC1: Q14-1 ※「実施していない」を選択した方におたずねします。 → 実施していない理由を教えてください。【自由記述】 | AD1: Q15． 貴施設のFLS活動の一環として、理学療法士または作業療法士が実施することが施設内で定められている転倒リスク評価項目があれば教えてください。 【複数選択可】 | AE1: Q15-1 ※「実施していない」を選択した方におたずねします。 → 実施していない理由を教えてください。【自由記述】 | AF1: Q15-2 ※「実施している」方におたずねします。 → 評価を実施する時期（術後何日目など）は貴施設のFLS活動として決められていますか。【単一選択】 | AG1: Q15-2-1 ※「決まっている」を選択した方におたずねします。 術後何日目に実施することが決められているか教えてください。【自由記述】 | AH1: Q15-2-2 ※「決まっていない」を選択した方におたずねします。 → 決まっていない理由を教えてください。【自由記述】 | AI1: Q16． 理学療法士または作業療法士が実施している転倒予防策について教えてください。 【複数選択可】 | AJ1: Q16-1 ※「実施していない」を選択した方におたずねします。 → 実施していない理由を教えてください。【自由記述】
A2: 46066.423 | B2: 高野義隆 | C2: 新潟リハビリテーション病院 | D2: 新潟県 | E2: yoshitaka.takano@aiko.or.jp | F2: リハビリテーション部/理学療法士 | G2: 160 | H2: 28 | I2: 18 | J2: 届け出をしておらず、検討もしていない | K2: 関節可動域運動, 筋力増強運動, ポジショニング | L2: 全症例の25％〜49％程度 | N2: 全症例の25％〜49％程度 | P2: 全症例の25％〜49％程度 | R2: 全症例の0％〜24％程度 | T2: 握力, 5回椅子立ち上がりテスト, 歩行速度, SPPB, TUG, 6分間歩行距離 | V2: TUG, 6分間歩行距離, 認知機能 | X2: 実施していない | Y2: 適応となる患者が少ない | Z2: FIM | AB2: MMSE, AMTS | AD2: TUG, SPPB、Functional Reach Test（FRT）, 5回椅子立ち上がりテスト, 認知機能, せん妄, 過去の転倒歴, 既往疾患の有無（脳血管疾患、パーキンソン病など）, 薬剤（向精神薬、降圧薬、利尿薬、ポリファーマシーなど）, ベッド周囲および病室環境 | AF2: 決まっている | AG2: １４日目 | AI2: 下肢筋力強化, バランス練習, 歩行練習, 起立、着座動作練習, 環境調整, 補助具、装具の適正化, 認知面への介入, 教育、指導
A3: 46068.9 | B3: 田中暢一 | C3: ベルランド総合病院 | D3: 大阪府 | E3: goddess.arisa.showmaking@gmail.com | F3: 理学療法室/理学療法士 | G3: 290 | H3: 18 | I3: 8 | J3: 届け出をしておらず、検討もしていない | K3: 関節可動域運動, 筋力増強運動, DVT予防, リラクセーション, ポジショニング, 自主運動指導, 術後リハビリテーションのオリエンテーション | L3: 全症例の0％〜24％程度 | N3: 全症例の0％〜24％程度 | P3: 全症例の0％〜24％程度 | R3: 全症例の0％〜24％程度 | T3: 握力, 開眼片脚立位時間, 下腿周径 | V3: 握力 | X3: ロコモ25（質問票） | Z3: Barthel Index（BI）, FIM | AB3: MMSE, HDS-R | AD3: 開眼片脚立位時間, 認知機能, 過去の転倒歴, SIDE | AF3: 決まっている | AG3: 7日目 | AI3: 下肢筋力強化, バランス練習, 歩行練習, 起立、着座動作練習, 環境調整, 補助具、装具の適正化, 認知面への介入, 教育、指導
A4: 46069.04 | B4: 丸貴仁 | C4: 所沢白翔会病院 | D4: 埼玉県 | E4: t.maru@hakusyoukai.com | F4: リハビリテーション科、事務部／理学療法士 | G4: 60 | H4: 13 | I4: 6 | J4: 届け出はしていないが、現在検討中である | K4: 関節可動域運動, 筋力増強運動, DVT予防, リラクセーション, ポジショニング, 自主運動指導, 術後リハビリテーションのオリエンテーション | L4: 全症例の75％〜100％程度 | M4: 術前リハビリ（受傷前ADL確認含め）、医師等との情報交換 | N4: 全症例の0％〜24％程度 | P4: 全症例の0％〜24％程度 | R4: 全症例の0％〜24％程度 | T4: 握力, 5回椅子立ち上がりテスト, 歩行速度, TUG, 開眼片脚立位時間, 骨格筋量指数（SMI） | V4: Kihon Checklist（基本チェックリスト）, TUG, 認知機能, 抑うつや意欲低下 | X4: 立ち上がりテスト | Z4: Barthel Index（BI）, FIM | AB4: MMSE, AMTS | AD4: 定量的な下肢筋力測定, 開眼片脚立位時間, TUG, 10m歩行速度, 深部感覚評価, 認知機能, 過去の転倒歴, 既往疾患の有無（脳血管疾患、パーキンソン病など）, 薬剤（向精神薬、降圧薬、利尿薬、ポリファーマシーなど）, ベッド周囲および病室環境 | AF4: 決まっている | AG4: 可能となった日 | AI4: 下肢筋力強化, バランス練習, 歩行練習, 歩容改善, 起立、着座動作練習, 環境調整, 補助具、装具の適正化, 認知面への介入, 薬剤調整, 教育、指導
A5: 46069.136 | B5: 吉井智晴 | C5: 東京医療病院 | D5: 東京都 | E5: c-yoshii@u-ths.ac.jp | F5: リハビリテーション学科 理学療法士 | G5: 100 | H5: 15 | I5: 6 | J5: 現在、算定している | K5: 筋力増強運動, 術後リハビリテーションのオリエンテーション | L5: 全症例の25％〜49％程度 | N5: 全症例の50％〜74％程度 | P5: 全症例の25％〜49％程度 | R5: 全症例の25％〜49％程度 | T5: 握力, 膝伸展筋力 | V5: J-CHS基準, Kihon Checklist（基本チェックリスト） | X5: ロコモ25（質問票） | Z5: Barthel Index（BI） | AB5: HDS-R | AD5: 10m歩行速度 | AF5: 決まっている | AI5: 下肢筋力強化, バランス練習
A6: 46069.461 | B6: 渡邊啓太 | C6: 国家公務員共済組合連合会呉共済病院 | D6: 広島県 | E6: tabe19891204@gmail.com | F6: リハビリテーション科／理学療法士 | G6: 168 | H6: 6 | I6: 8 | J6: 届け出をしておらず、検討もしていない | K6: 関節可動域運動, 筋力増強運動, DVT予防, ポジショニング, 自主運動指導, 術後リハビリテーションのオリエンテーション | L6: 全症例の25％〜49％程度 | N6: 全症例の25％〜49％程度 | P6: 全症例の25％〜49％程度 | R6: 全症例の25％〜49％程度 | T6: 握力, 膝伸展筋力, 歩行速度, 開眼片脚立位時間, 骨格筋量指数（SMI） | V6: 認知機能, 握力 | X6: 実施していない | Z6: Barthel Index（BI）, FIM | AB6: HDS-R, AMTS | AD6: 定量的な下肢筋力測定, 開眼片脚立位時間, 10m歩行速度, 認知機能, 過去の転倒歴 | AF6: 決まっている | AG6: 14日目 | AI6: 下肢筋力強化, バランス練習, 歩行練習, 起立、着座動作練習, 環境調整, 補助具、装具の適正化, 認知面への介入, 教育、指導
A7: 46083.633 | B7: 上原 光司 | C7: 社会医療法人愛仁会 高槻病院 | D7: 大阪府 | E7: uehara.kouji@aijinkai-group.com | F7: リハビリテーション科 理学療法士 | G7: 100 | H7: 25 | I7: 10 | J7: 現在、算定している | K7: 関節可動域運動, 筋力増強運動, 呼吸リハビリテーション, DVT予防, ポジショニング, 自主運動指導, 術後リハビリテーションのオリエンテーション | L7: 全症例の25％〜49％程度 | N7: 全症例の0％〜24％程度 | P7: 全症例の0％〜24％程度 | R7: 全症例の0％〜24％程度 | T7: 膝伸展筋力, 歩行速度, 骨格筋量指数（SMI） | V7: 実施していない | X7: 実施していない | Z7: FIM | AB7: MMSE | AD7: 定量的な下肢筋力測定 | AF7: わからない | AI7: 下肢筋力強化, バランス練習, 歩行練習
A8: 46083.663 | B8: 芝原孝治 | C8: 済生会兵庫県病院 | D8: 兵庫県 | E8: shiba20131946@gmail.com | F8: 芝原孝治 | G8: 146 | H8: 11 | I8: 1 | J8: 届け出はしていないが、現在検討中である | K8: DVT予防, ポジショニング, 自主運動指導, 術後リハビリテーションのオリエンテーション, 認知機能評価 | L8: 全症例の75％〜100％程度 | M8: 基本的に術後翌日は疼痛が強いことが多くパスで端座位までとしており、認知機能低下やせん妄予防のため指示がある際に車椅子移乗まで実施している。 | N8: 全症例の0％〜24％程度 | P8: 全症例の0％〜24％程度 | R8: 全症例の0％〜24％程度 | T8: 5回椅子立ち上がりテスト, 歩行速度, SPPB, TUG, 6分間歩行距離, 下腿周径 | V8: TUG, 6分間歩行距離, 認知機能 | X8: 実施していない | Y8: これまではロコモ外来がなく、リハビリを提供していなかったため | Z8: Barthel Index（BI）, FIM | AB8: MMSE, HDS-R, AMTS | AD8: 定量的な下肢筋力測定, TUG, 10m歩行速度, SPPB、Functional Reach Test（FRT）, 認知機能, 過去の転倒歴, 既往疾患の有無（脳血管疾患、パーキンソン病など）, 薬剤（向精神薬、降圧薬、利尿薬、ポリファーマシーなど）, ベッド周囲および病室環境 | AF8: 決まっている | AG8: 術前1日目にAMTS、転倒歴、既往歴など評価し、術後歩行が可能になった時期に応じて歩行速度など実施。 | AI8: 下肢筋力強化, バランス練習, 歩行練習, 歩容改善, 起立、着座動作練習, 環境調整, 補助具、装具の適正化, 認知面への介入, 行動面への介入, 薬剤調整, 教育、指導
A9: 46083.669 | B9: 中野圭介 | C9: 藤沢市民病院 | D9: 神奈川県 | E9: nakano.k0423@gmail.com | F9: 理学療法士 | G9: 20 | H9: 5 | I9: 0 | J9: 届け出はしていないが、現在検討中である | K9: 実施していない | L9: 全症例の0％〜24％程度 | N9: 全症例の0％〜24％程度 | P9: 全症例の0％〜24％程度 | R9: 全症例の0％〜24％程度 | T9: 実施していない | U9: 栄養面では栄養士がやっている | V9: 実施していない | X9: 実施していない | Y9: 必要を感じていない | Z9: Barthel Index（BI） | AB9: MMSE, HDS-R | AD9: 認知機能, 注意障害, せん妄 | AF9: 決まっていない | AH9: 特に理由はない | AI9: 下肢筋力強化, バランス練習, 歩行練習, 歩容改善, 起立、着座動作練習, 環境調整, 補助具、装具の適正化, 認知面への介入, 行動面への介入, 薬剤調整, 教育、指導
A10: 46083.696 | B10: 寺井 真人 | C10: 社会医療法人蒼生会蒼生病院 | D10: 大阪府 | E10: riha@sousei-hp.jp | F10: リハビリテーション科 作業療法士 | G10: 125 | H10: 9 | I10: 2 | J10: 届け出はしているが、算定していない | K10: 関節可動域運動, 筋力増強運動, 術後リハビリテーションのオリエンテーション | L10: 全症例の0％〜24％程度 | N10: 全症例の50％〜74％程度 | O10: 対策はできていないです。指示が入らず拒否が強いことが多いです。 | P10: 全症例の0％〜24％程度 | R10: 全症例の0％〜24％程度 | T10: 握力, 5回椅子立ち上がりテスト, TUG, 開眼片脚立位時間, MNA-SF | V10: 認知機能, 握力 | X10: 実施していない | Y10: フレイルとサルコペニアで対応しています | Z10: Barthel Index（BI） | AB10: MMSE, AMTS | AD10: 開眼片脚立位時間, TUG, 5回椅子立ち上がりテスト, 認知機能 | AF10: 決まっていない | AH10: 各患者状態が違うため。退院1週前～で評価することが多いです | AI10: 下肢筋力強化, バランス練習, 歩行練習, 歩容改善, 起立、着座動作練習, 環境調整, 補助具、装具の適正化, 認知面への介入, 教育、指導
A11: 46083.705 | B11: 高橋智子 | C11: 国立長寿医療研究センター | D11: 愛知県 | E11: ttomoko@ncgg.go.jp | F11: リハビリテーション科部 理学療法士 | G11: 75 | H11: 9 | I11: 3 | J11: 現在、算定している | K11: 関節可動域運動, リラクセーション, ポジショニング | L11: 全症例の0％〜24％程度 | N11: 全症例の50％〜74％程度 | P11: 全症例の25％〜49％程度 | R11: 全症例の25％〜49％程度 | S11: 初回離床はセラピストが介入するようにし、その場で環境設定をおこないます | T11: 握力, 膝伸展筋力, 歩行速度, SPPB, 骨格筋量指数（SMI）, 下腿周径 | V11: TUG, 認知機能, 握力 | X11: 2ステップテスト | Z11: Barthel Index（BI）, FIM | AB11: MMSE | AD11: TUG, 10m歩行速度, SPPB、Functional Reach Test（FRT）, 認知機能, 注意障害, 過去の転倒歴, SIDE | AF11: 決まっていない | AH11: 疼痛により個人差があるため | AI11: 下肢筋力強化, バランス練習, 歩行練習, 起立、着座動作練習, 環境調整, 補助具、装具の適正化
A12: 46083.738 | B12: 下門 範子 | C12: 北九州総合病院 | D12: 福岡県 | E12: n-shimokado@kitakyu-hp.or.jp | F12: リハビリテーション科/作業療法士 | G12: 247 | H12: 8 | I12: 3 | J12: 届け出はしていないが、現在検討中である | K12: DVT予防, ポジショニング, 自主運動指導, 術後リハビリテーションのオリエンテーション, 離床（例：車椅子移乗,立位,歩行など）, 認知症検査（HDS-R/AMTS） | L12: 全症例の0％〜24％程度 | N12: 全症例の0％〜24％程度 | P12: 全症例の0％〜24％程度 | R12: 全症例の0％〜24％程度 | T12: 下腿周径 | V12: 認知機能 | X12: 立ち上がりテスト | Z12: Barthel Index（BI）, FIM | AB12: MMSE, HDS-R | AD12: 認知機能, ベッド周囲および病室環境 | AF12: 決まっている | AG12: 認知機能評価は術前とENT・転院前です。 | AI12: 下肢筋力強化, バランス練習, 歩行練習, 歩容改善, 起立、着座動作練習, 環境調整, 補助具、装具の適正化, 認知面への介入, 行動面への介入, 薬剤調整, 教育、指導
A13: 46083.865 | B13: 池脇圭司 | C13: 徳島県立中央病院 | D13: 徳島県 | E13: kptaf1117@yahoo.co.jp | F13: リハビリテーション技術科/理学療法士 | G13: 202 | H13: 10 | I13: 6 | J13: 届け出をしておらず、検討もしていない | K13: DVT予防, 自主運動指導, 術後リハビリテーションのオリエンテーション, 離床（例：車椅子移乗,立位,歩行など） | L13: 全症例の75％〜100％程度 | M13: 術後は鎮痛剤を入れて、リハ前に頓服も検討 | N13: 全症例の25％〜49％程度 | P13: 全症例の50％〜74％程度 | Q13: アセスメントし、午前か午後で可能か検討 | R13: 全症例の0％〜24％程度 | T13: 下腿周径, GNRI | V13: 認知機能, GNRI, 握力 | X13: 実施していない | Y13: 術後2週以内には転院になり、評価困難例が多いため | Z13: Barthel Index（BI） | AB13: HDS-R, AMTS | AD13: 開眼片脚立位時間, 認知機能, せん妄, 過去の転倒歴, ベッド周囲および病室環境, SIDE | AF13: 決まっている | AG13: 術後７日目 | AI13: 下肢筋力強化, バランス練習, 歩行練習, 起立、着座動作練習, 環境調整, 教育、指導
A14: 46084.401 | B14: 島岡 秀奉 | C14: 高知県立あき総合病院 | D14: 高知県 | E14: satomi_nonaka@ken2.pref.kochi.lg.jp | G14: 96 | H14: 11 | I14: 5 | J14: 届け出をしておらず、検討もしていない | K14: DVT予防, ポジショニング, 自主運動指導, 術後リハビリテーションのオリエンテーション | L14: 全症例の50％〜74％程度 | M14: 特になし | N14: 全症例の0％〜24％程度 | P14: 全症例の0％〜24％程度 | R14: 全症例の0％〜24％程度 | T14: 握力, 下腿周径 | V14: 認知機能, 握力 | X14: 実施していない | Y14: 回復期のある病院へ転院されることが多く実施できない。 | Z14: Barthel Index（BI）, FIM | AB14: AMTS | AD14: 実施していない | AE14: リハビリ対象の患者が高齢のため大半の患者が転倒リスクが高い | AH14: Q15-1の回答と同様 | AI14: 下肢筋力強化, バランス練習, 歩行練習, 歩容改善, 起立、着座動作練習, 環境調整, 補助具、装具の適正化
A15: 46084.412 | B15: 澤下 浩二 | C15: 甲南医療センタ－ | D15: 兵庫県 | E15: koji.sawashita@kohnan.or.jp | F15: リハビリテーション部/理学療法士 | G15: 146 | H15: 6 | I15: 9 | J15: 届け出はしていないが、現在検討中である | K15: 関節可動域運動, 筋力増強運動, DVT予防, ポジショニング | L15: 全症例の0％〜24％程度 | N15: 全症例の0％〜24％程度 | P15: 全症例の0％〜24％程度 | R15: 全症例の0％〜24％程度 | T15: 握力, 5回椅子立ち上がりテスト, SPPB, 下腿周径 | V15: 握力 | X15: 立ち上がりテスト | Z15: Barthel Index（BI）, FIM | AB15: MMSE | AD15: SPPB、Functional Reach Test（FRT） | AF15: 決まっていない | AI15: 下肢筋力強化, バランス練習, 歩行練習, 環境調整, 補助具、装具の適正化
A16: 46084.415 | B16: 宮澤佑治 | C16: 浜松医療センター | D16: 静岡県 | E16: amakoa@yahoo.co.jp | F16: リハビリテーション技術科/理学療法士 | G16: 350 | H16: 15 | I16: 7 | J16: 届け出をしておらず、検討もしていない | K16: DVT予防, リラクセーション, 離床（例：車椅子移乗,立位,歩行など） | L16: 全症例の75％〜100％程度 | M16: 医師による強力な促しがあります。暴れてうまくいかない人は人数かけて行う事もあります。術翌日は最低座位、車椅子乗車まで行うのが普通でそれができない人は免荷が必要な過体重な人か重度脳卒中併存、暴れるなどの人であることが多いのでそういう人をそこまでするか？は適宜判断して行います。 | N16: 全症例の0％〜24％程度 | P16: 全症例の0％〜24％程度 | Q16: 貧血が原因であれば輸血した後に起立する、短時間にする、起立よりも座位時間確保など | R16: 全症例の0％〜24％程度 | T16: 握力, 歩行速度, 下腿周径 | U16: 人によります。高齢で明らかに弱々しい人は測定しますが元気な人は定型的に行わないこともあります。 | V16: J-CHS基準, 認知機能, 握力 | W16: 頸部骨折にはフレイルが関連している可能性が高いから全例スクリーニングしましょうという高度なことはできていません。各担当者がありそうだな、と感じた場合上記評価を適宜行っています。 | X16: 実施していない | Y16: ロコモティブシンドロームとしては評価スクリーニングしてません。当院ではロコモはそれほど議論されていません。 | Z16: Barthel Index（BI） | AB16: MMSE | AC16: 大腿骨骨折はパス化されていますが近隣のリハビリテーション病院がmmseやらないととらないなどわがままをいうのでよほど元気で認知症扱いするなと怒る人以外はスクリーニングとしてとっています。 | AD16: Berg Balance Scale（BBS）, SPPB、Functional Reach Test（FRT）, せん妄, 過去の転倒歴, 既往疾患の有無（脳血管疾患、パーキンソン病など）, 薬剤（向精神薬、降圧薬、利尿薬、ポリファーマシーなど）, ベッド周囲および病室環境 | AF16: 決まっていない | AH16: 症例数が多すぎるので、院内転倒リスクが高いとnsかリハでおもったひとを抽出して井戸端会議したり転んでしまった人は事案発覚からすぐに集まってカンファします。これも病棟でまちまちなこともあります。 | AI16: 下肢筋力強化, バランス練習, 歩行練習, 歩容改善, 起立、着座動作練習, 環境調整, 補助具、装具の適正化, 教育、指導 | AJ16: 転倒予防策として定型的に行っているものはありません。担当者の裁量で行っていることが多く組織的にできていないのは課題と考えます。組織的に行っていないというのがこの設問の行っていないに該当するのであれば行っていません。
A17: 46084.444 | B17: 水谷純子 | C17: 東京都済生会中央病院 | D17: 東京都 | E17: rh-mizutani@saichu.jp | F17: リハビリテーション技術科／理学療法士 | G17: 78 | H17: 9 | I17: 5 | J17: 届け出をしておらず、検討もしていない | K17: 実施していない | L17: 全症例の0％〜24％程度 | N17: 全症例の0％〜24％程度 | P17: 全症例の0％〜24％程度 | R17: 全症例の0％〜24％程度 | T17: 実施していない | U17: 3次救急で大腿骨近位部骨折の患者にフレイルの評価としては時期的に取っていない。機能評価としてはやっています。 | V17: 実施していない | W17: 3次救急で大腿骨近位部骨折の患者にフレイルの評価としては時期的に取っていない。機能評価としてはやっています。 | X17: 実施していない | Y17: 3次救急で大腿骨近位部骨折の患者であり、評価の時期まで入院していない。 | Z17: Barthel Index（BI） | AB17: MMSE, HDS-R, MoCA, AMTS | AD17: TUG, 10m歩行速度, Berg Balance Scale（BBS）, SPPB、Functional Reach Test（FRT）, 深部感覚評価, 認知機能, せん妄, 過去の転倒歴, 既往疾患の有無（脳血管疾患、パーキンソン病など） | AF17: 決まっている | AG17: TUGは7POD、AMTSは10POD、それ以外は患者に合わせてできる時期に評価 | AI17: 下肢筋力強化, バランス練習, 歩行練習, 歩容改善, 起立、着座動作練習, 環境調整, 補助具、装具の適正化, 認知面への介入, 薬剤調整, 教育、指導
A18: 46084.478 | B18: 望月拓駿 | C18: 静岡県立総合病院 | D18: 静岡県 | E18: omochitack14@gmail.com | F18: リハビリテーション科/理学療法士 | G18: 140 | H18: 25 | I18: 0 | J18: 届け出はしていないが、現在検討中である | K18: 関節可動域運動, 筋力増強運動, DVT予防, 自主運動指導, 術後リハビリテーションのオリエンテーション | L18: 全症例の25％〜49％程度 | N18: 全症例の25％〜49％程度 | P18: 全症例の0％〜24％程度 | R18: 全症例の0％〜24％程度 | T18: 握力, 歩行速度, SPPB | V18: 認知機能, 握力 | X18: 実施していない | Y18: 当院として計測を行っていない | Z18: Barthel Index（BI）, FIM | AB18: MMSE, HDS-R | AD18: TUG, Berg Balance Scale（BBS）, SPPB、Functional Reach Test（FRT）, ベッド周囲および病室環境 | AF18: 決まっていない | AH18: 実際の患者に合わせて可能かどうかを各自判断している | AI18: 下肢筋力強化, バランス練習, 歩行練習, 起立、着座動作練習, 環境調整, 補助具、装具の適正化, 認知面への介入, 行動面への介入
A19: 46084.484 | B19: 三浦大介 | C19: 地方独立行政法人 岐阜県立多治見病院 | D19: 岐阜県 | E19: miura-daisuke@tajimi-hospital.jp | F19: リハビリテーション科 理学療法士 | G19: 159 | H19: 10 | I19: 0 | J19: 届け出をしておらず、検討もしていない | K19: 関節可動域運動, 筋力増強運動, 呼吸リハビリテーション, DVT予防, 自主運動指導, 術後リハビリテーションのオリエンテーション, 離床（例：車椅子移乗,立位,歩行など） | L19: 全症例の50％〜74％程度 | M19: 鎮痛薬による疼痛コントロール 高頻度介入 | N19: 全症例の25％〜49％程度 | P19: 全症例の0％〜24％程度 | R19: 全症例の0％〜24％程度 | T19: SPPB, TUG, 6分間歩行距離 | V19: TUG, 6分間歩行距離, 認知機能 | X19: 実施していない | Z19: Barthel Index（BI） | AB19: HDS-R, AMTS | AD19: TUG, SPPB、Functional Reach Test（FRT）, 認知機能, せん妄, 既往疾患の有無（脳血管疾患、パーキンソン病など）, 薬剤（向精神薬、降圧薬、利尿薬、ポリファーマシーなど）, ベッド周囲および病室環境 | AF19: 決まっている | AG19: 退院時 | AI19: 下肢筋力強化, バランス練習, 歩行練習, 歩容改善, 起立、着座動作練習, 環境調整, 補助具、装具の適正化, 認知面への介入
A20: 46084.56 | B20: 永松 康太 | C20: 神奈川県厚生連 伊勢原協同病院 | D20: 神奈川県 | E20: kotadk.h@gmail.com | F20: リハビリテーション室/理学療法士 | G20: 189 | H20: 7 | I20: 4 | J20: 届け出をしておらず、検討もしていない | K20: 関節可動域運動, 筋力増強運動, DVT予防, リラクセーション, ポジショニング, 自主運動指導, 術後リハビリテーションのオリエンテーション | L20: 全症例の0％〜24％程度 | N20: 全症例の0％〜24％程度 | P20: 全症例の0％〜24％程度 | R20: 全症例の0％〜24％程度 | T20: 膝伸展筋力, 歩行速度 | V20: 認知機能 | X20: 実施していない | Y20: 理由は特にありません | Z20: Barthel Index（BI） | AB20: HDS-R, AMTS | AD20: 定量的な下肢筋力測定, 認知機能, 過去の転倒歴, 既往疾患の有無（脳血管疾患、パーキンソン病など）, 薬剤（向精神薬、降圧薬、利尿薬、ポリファーマシーなど）, ベッド周囲および病室環境 | AF20: 決まっていない | AH20: 通常の理学療法評価の中で行うため、特に決まっていません。 | AI20: 下肢筋力強化, バランス練習, 歩行練習, 歩容改善, 起立、着座動作練習, 環境調整
A21: 46084.577 | B21: 高橋智之 | C21: 関口病院 | D21: 群馬県 | E21: t.takahashi@kouwa-sekiguchi.com | F21: リハビリテーション課/理学療法士 | G21: 189 | H21: 20 | I21: 0 | J21: 届け出をしておらず、検討もしていない | K21: 関節可動域運動, 筋力増強運動, 呼吸リハビリテーション, DVT予防, リラクセーション, ポジショニング, 離床（例：車椅子移乗,立位,歩行など） | L21: 全症例の0％〜24％程度 | N21: 全症例の0％〜24％程度 | P21: 全症例の0％〜24％程度 | R21: 全症例の0％〜24％程度 | T21: 握力, 膝伸展筋力, 5回椅子立ち上がりテスト, 6分間歩行距離, 下腿周径 | V21: 握力 | X21: 立ち上がりテスト | Z21: Barthel Index（BI）, FIM | AB21: HDS-R | AD21: 定量的な下肢筋力測定, 5回椅子立ち上がりテスト, 過去の転倒歴, 既往疾患の有無（脳血管疾患、パーキンソン病など）, 薬剤（向精神薬、降圧薬、利尿薬、ポリファーマシーなど） | AF21: 決まっていない | AH21: 退院前に一回実施するため、患者によって実施するタイミングが異なるから | AI21: 下肢筋力強化, バランス練習, 歩行練習, 歩容改善, 起立、着座動作練習, 環境調整, 行動面への介入, 教育、指導
A22: 46084.581 | B22: 藤野裕気 | C22: 医療法人吉野会はやと整形外科 | D22: 鹿児島県 | E22: hayatoseikei-riha@po2.synapse.ne.jp | F22: リハビリテーション科/理学療法士 | G22: 27 | H22: 7 | I22: 1 | J22: 届け出はしていないが、現在検討中である | K22: 関節可動域運動, 筋力増強運動, DVT予防, リラクセーション, ポジショニング, 自主運動指導, 術後リハビリテーションのオリエンテーション | L22: 全症例の25％〜49％程度 | N22: 全症例の25％〜49％程度 | P22: 全症例の25％〜49％程度 | R22: 全症例の0％〜24％程度 | T22: 握力, 5回椅子立ち上がりテスト, TUG, 開眼片脚立位時間, 下腿周径 | V22: TUG, 握力 | X22: 立ち上がりテスト, 2ステップテスト | Z22: Barthel Index（BI）, FIM | AB22: 実施していない | AC22: 看護師がAMTSまたはHDS-Rを実施している為 | AD22: 開眼片脚立位時間, TUG, 5回椅子立ち上がりテスト, Fall Risk Index | AF22: 決まっていない | AH22: 患者様により立位や歩行できる時期が異なる為 | AI22: 下肢筋力強化, バランス練習, 歩行練習, 歩容改善, 起立、着座動作練習, 環境調整, 補助具、装具の適正化, 行動面への介入, 教育、指導
A23: 46084.592 | B23: 今井智文 | C23: 豊川市民病院 | D23: 愛知県 | E23: reha@toyokawa-ch-aichi.jp | F23: リハビリテーション技術科/理学療法士 | G23: 229 | H23: 18 | I23: 8 | J23: 届け出をしておらず、検討もしていない | K23: 筋力増強運動, DVT予防, リラクセーション, ポジショニング, 自主運動指導, 術後リハビリテーションのオリエンテーション | L23: 全症例の25％〜49％程度 | N23: 全症例の0％〜24％程度 | P23: 全症例の0％〜24％程度 | R23: 全症例の0％〜24％程度 | T23: 実施していない | U23: 術前はベッド上安静で評価実施困難。（座位・起立・歩行は困難）術後は機能回復のための介入が中心となります。 | V23: 実施していない | W23: 術前はベッド上安静で評価実施困難。（座位・起立・歩行は困難）術後は機能回復のための介入が中心となります。 | X23: 実施していない | Y23: 術前はベッド上安静で評価実施困難。（座位・起立・歩行は困難）術後は機能回復のための介入が中心となります。 | Z23: Barthel Index（BI）, FIM | AB23: MMSE, HDS-R, AMTS | AD23: 定量的な下肢筋力測定, 認知機能, 注意障害, ベッド周囲および病室環境, 転倒予防カンファレンスへの参加 | AF23: 決まっている | AG23: 術後３日以内 | AI23: 下肢筋力強化, バランス練習, 歩行練習, 歩容改善, 起立、着座動作練習, 環境調整, 補助具、装具の適正化, 認知面への介入, 行動面への介入, 教育、指導
A24: 46084.595 | B24: 屋宜 秀明 | C24: 徳島市民病院 | D24: 徳島県 | E24: hideaki_rx78@yahoo.co.jp | F24: リハビリテーション科／理学療法士 | G24: 203 | H24: 13 | I24: 0 | J24: 届け出をしておらず、検討もしていない | K24: 関節可動域運動, DVT予防, ポジショニング, 自主運動指導, 術後リハビリテーションのオリエンテーション | L24: 全症例の25％〜49％程度 | N24: 全症例の0％〜24％程度 | P24: 全症例の0％〜24％程度 | R24: 全症例の0％〜24％程度 | T24: 握力, 下腿周径 | V24: 握力 | X24: 実施していない | Z24: Barthel Index（BI） | AB24: MMSE, HDS-R | AD24: 実施していない | AE24: 各セラピストが評価を行い訓練を実施していますが、特定の評価を必須にはしてません。 | AI24: 下肢筋力強化, バランス練習, 歩行練習, 環境調整
A25: 46084.647 | B25: 荒木 裕介 | C25: 医療法人 讃高会 枚方東整形外科病院 | D25: 大阪府 | E25: takai.rihabiri@sankokai.or.jp | F25: リハビリテーション室/理学療法士 | G25: 106 | H25: 9 | I25: 0 | J25: 届け出をしておらず、検討もしていない | K25: 関節可動域運動, 筋力増強運動, リラクセーション, ポジショニング | L25: 全症例の0％〜24％程度 | N25: 全症例の0％〜24％程度 | P25: 全症例の0％〜24％程度 | R25: 全症例の0％〜24％程度 | T25: 握力, 膝伸展筋力, 歩行速度 | V25: 抑うつや意欲低下, 握力 | X25: 実施していない | Z25: Barthel Index（BI）, FIM | AB25: 実施していない | AD25: 実施していない | AE25: 片脚立位等，各々で評価はしているが，施設して定められた評価は無い | AI25: 下肢筋力強化, バランス練習, 歩行練習, 歩容改善, 起立、着座動作練習, 環境調整, 教育、指導
A26: 46084.67 | B26: 堂前 伸 | C26: 東京歯科大学市川総合病院 | D26: 千葉県 | E26: sdoumae@tdc.ac.jp | F26: リハビリテーション科/理学療法士 | G26: 52 | H26: 7 | I26: 0 | J26: 届け出をしておらず、検討もしていない | K26: 術前評価のみ | L26: 全症例の0％〜24％程度 | N26: 全症例の0％〜24％程度 | P26: 全症例の0％〜24％程度 | R26: 全症例の0％〜24％程度 | T26: 握力, 膝伸展筋力, 5回椅子立ち上がりテスト, 歩行速度, TUG, 開眼片脚立位時間, 下腿周径 | V26: TUG, 6分間歩行距離, 認知機能, 握力 | X26: 立ち上がりテスト, ロコモ25（質問票） | Z26: Barthel Index（BI）, FIM | AB26: MMSE, HDS-R | AD26: 認知機能, せん妄, 過去の転倒歴, 既往疾患の有無（脳血管疾患、パーキンソン病など）, 薬剤（向精神薬、降圧薬、利尿薬、ポリファーマシーなど）, ベッド周囲および病室環境 | AF26: 決まっていない | AH26: 動作獲得に個人差があるため、立位・歩行が可能となったタイミングで実施 | AI26: 下肢筋力強化, バランス練習, 歩行練習, 起立、着座動作練習, 環境調整
A27: 46084.692 | B27: 木ノ下哲嗣 | C27: 手稲渓仁会病院 | D27: 北海道 | E27: kinoshita-sat@keijinkai.or.jp | F27: リハビリテーション部/理学療法士 | G27: 70 | H27: 13 | I27: 4 | J27: 届け出をしておらず、検討もしていない | K27: 関節可動域運動, 筋力増強運動, 呼吸リハビリテーション, DVT予防, リラクセーション, ポジショニング, 自主運動指導, 術後リハビリテーションのオリエンテーション, 離床（例：車椅子移乗,立位,歩行など） | L27: 全症例の25％〜49％程度 | N27: 全症例の0％〜24％程度 | P27: 全症例の0％〜24％程度 | R27: 全症例の0％〜24％程度 | T27: 膝伸展筋力, 歩行速度, TUG | V27: J-CHS基準, 認知機能, 抑うつや意欲低下 | X27: 実施していない | Z27: Barthel Index（BI）, FIM | AB27: MMSE, AMTS | AD27: 定量的な下肢筋力測定, TUG, 10m歩行速度, Berg Balance Scale（BBS） | AF27: 決まっている | AG27: 術前もしくは術後１日目 | AI27: 下肢筋力強化, バランス練習, 歩行練習, 歩容改善, 起立、着座動作練習, 環境調整, 認知面への介入
A28: 46084.713 | B28: 山下 麻美 | C28: 済生会長崎病院 | D28: 長崎県 | E28: mami.saisei.0913@gmail.com | F28: リハビリテーション部／理学療法士 | G28: 239 | H28: 14 | I28: 0 | J28: 届け出をしておらず、検討もしていない | K28: 関節可動域運動, 筋力増強運動, DVT予防, リラクセーション, ポジショニング, 自主運動指導, 術後リハビリテーションのオリエンテーション | L28: 全症例の75％〜100％程度 | M28: 術後翌日からのリハビリテーションの介入。 | N28: 全症例の0％〜24％程度 | P28: 全症例の0％〜24％程度 | R28: 全症例の0％〜24％程度 | T28: 実施していない | U28: その他評価で対応。 | V28: 実施していない | W28: その他評価で対応。 | X28: 実施していない | Y28: その他評価で対応。 | Z28: Barthel Index（BI） | AB28: MMSE, HDS-R, MoCA | AD28: 実施していない | AE28: 患者によって、必要な評価を選定して行っている。 | AH28: 同じ病名でも、年齢や性別等患者背景が異なるため。 | AI28: 下肢筋力強化, バランス練習, 歩行練習, 歩容改善, 起立、着座動作練習, 環境調整, 補助具、装具の適正化, 認知面への介入, 行動面への介入, 薬剤調整, 教育、指導
A29: 46084.723 | B29: 岡野宏信 | C29: 香川県立中央病院 | D29: 香川県 | E29: oknhiron@gmail.com | F29: リハビリテーション部/理学療法士 | G29: 138 | H29: 8 | I29: 0 | J29: 届け出をしておらず、検討もしていない | K29: 関節可動域運動, 筋力増強運動, 呼吸リハビリテーション, DVT予防, リラクセーション, ポジショニング, 自主運動指導, 術後リハビリテーションのオリエンテーション | L29: 全症例の25％〜49％程度 | N29: 全症例の25％〜49％程度 | P29: 全症例の25％〜49％程度 | R29: 全症例の0％〜24％程度 | T29: 握力, 歩行速度 | V29: 実施していない | W29: データを利用していないため | X29: 実施していない | Y29: データを利用していないため。 | Z29: Barthel Index（BI） | AB29: AMTS | AD29: 10m歩行速度, | AF29: 決まっている | AG29: 14日目を目安に行っている | AI29: 下肢筋力強化, バランス練習, 歩行練習, 歩容改善, 起立、着座動作練習, 環境調整, 補助具、装具の適正化, 認知面への介入, 行動面への介入, 薬剤調整, 教育、指導
A30: 46084.754 | B30: 藤井千博 | C30: 総合病院 聖隷浜松病院 | D30: 静岡県 | E30: c-fujii@sis.seirei.or.jp | F30: リハビリテーション部／理学療法士 | G30: 211 | H30: 10 | I30: 5 | J30: 届け出はしていないが、現在検討中である | K30: 実施していない | L30: 全症例の0％〜24％程度 | N30: 全症例の0％〜24％程度 | P30: 全症例の0％〜24％程度 | R30: 全症例の0％〜24％程度 | T30: 実施していない | U30: サルコペニアに特化した評価は実施していない 各症例に必要な評価を実施している | V30: 実施していない | W30: フレイルに特化した評価は実施していない 各症例に必要な評価を実施している | X30: 実施していない | Y30: ロコモに特化した評価は実施していない 各症例に必要な評価を実施している | Z30: Barthel Index（BI） | AB30: MMSE, AMTS | AD30: 実施していない | AE30: 活動の一環としては評価は実施していない 各症例に必要な評価を実施している | AI30: 下肢筋力強化, バランス練習, 歩行練習, 歩容改善, 起立、着座動作練習, 環境調整, 補助具、装具の適正化, 認知面への介入, 行動面への介入, 教育、指導
A31: 46084.769 | B31: 那須崇史 | C31: 重工大須病院 | D31: 愛知県 | E31: t-nasu@keimeikai.or.jp | F31: リハビリテーション部/理学療法士 | G31: 176 | H31: 7 | I31: 2 | J31: 現在、算定している | K31: 関節可動域運動, 筋力増強運動, DVT予防, リラクセーション, ポジショニング, 自主運動指導, 術後リハビリテーションのオリエンテーション, 離床（例：車椅子移乗,立位,歩行など）, リアリティーオリエンテーション | L31: 全症例の0％〜24％程度 | N31: 全症例の0％〜24％程度 | P31: 全症例の0％〜24％程度 | R31: 全症例の0％〜24％程度 | T31: 握力, 歩行速度, TUG, 下腿周径 | V31: TUG, 認知機能, 握力 | X31: 実施していない | Y31: ロコモティブシンドロームとしての評価を設定していないため | Z31: Barthel Index（BI）, FIM | AB31: MMSE, MoCA | AD31: 認知機能, 過去の転倒歴, Fall Risk Index | AF31: 決まっている | AG31: 術前に実施しています。 | AI31: 下肢筋力強化, バランス練習, 歩行練習, 歩容改善, 起立、着座動作練習, 環境調整, 補助具、装具の適正化, 認知面への介入, 行動面への介入, 教育、指導
A32: 46084.802 | B32: 青木 敏明 | C32: 東京都立多摩総合医療センター | D32: 東京都 | E32: toshiaki_aoki@tmhp.jp | F32: リハビリテーション科／理学療法士 | G32: 155 | H32: 18 | I32: 0 | J32: 届け出はしていないが、現在検討中である | K32: 関節可動域運動, 筋力増強運動, DVT予防, 術後リハビリテーションのオリエンテーション, 離床（例：車椅子移乗,立位,歩行など） | L32: 全症例の50％〜74％程度 | M32: 痛みの評価・対症療法（軽めのROM・マッサージ等） | N32: 全症例の50％〜74％程度 | O32: 覚醒状態のタイミングをみて介入 | P32: 全症例の50％〜74％程度 | Q32: 起立性低血圧が多く、段階的な姿勢調整とバイタルチェック | R32: 全症例の0％〜24％程度 | T32: 各種評価は行っているが、サルコペニアの評価としては実施していない | U32: 通常の術後評価のみ行っている | V32: 各種評価は行っているが、フレイルの評価としては実施していない | W32: 通常の術後評価のみ行っている | X32: 各種評価は行っているが、ロコモの評価としては実施していない | Y32: 通常の術後評価のみ行っている | Z32: Barthel Index（BI）, FIM | AB32: HDS-R | AD32: 各種評価は行っているが、特に定められた評価としては実施していない | AE32: 通常の評価として実施している | AF32: 決まっていない | AH32: 患者の状況に応じて評価を実施している | AI32: 下肢筋力強化, バランス練習, 歩行練習, 補助具、装具の適正化, 認知面への介入
A33: 46085.259 | B33: 松尾英明 | C33: 福井大学医学部附属病院 | D33: 福井県 | E33: hideakim@u-fukui.ac.jp | F33: リハビリテーション部/理学療法士 | G33: 136 | H33: 4 | I33: 2 | J33: 届け出をしておらず、検討もしていない | K33: 関節可動域運動, 筋力増強運動, DVT予防, ポジショニング, 自主運動指導, 術後リハビリテーションのオリエンテーション, 離床（例：車椅子移乗,立位,歩行など） | L33: 全症例の0％〜24％程度 | N33: 全症例の0％〜24％程度 | P33: 全症例の0％〜24％程度 | R33: 全症例の0％〜24％程度 | T33: SPPB, SARC-F | V33: Kihon Checklist（基本チェックリスト） | X33: 実施していない | Y33: 時間の十分にとれない急性期リハの中で、フレイル、サルコペニアを優先的に評価しているため。 | Z33: FIM | AB33: HDS-R, AMTS | AD33: 開眼片脚立位時間, 10m歩行速度, Berg Balance Scale（BBS）, SPPB、Functional Reach Test（FRT）, 5回椅子立ち上がりテスト, 深部感覚評価, 認知機能, 注意障害, 遂行機能, せん妄, 転倒恐怖感, 過去の転倒歴, 既往疾患の有無（脳血管疾患、パーキンソン病など）, 薬剤（向精神薬、降圧薬、利尿薬、ポリファーマシーなど）, ベッド周囲および病室環境 | AF33: 決まっていない | AH33: もともとの診療活動として行っているため、FLS活動として改めて決め直していない。 | AI33: 下肢筋力強化, バランス練習, 歩行練習, 歩容改善, 起立、着座動作練習, 環境調整, 補助具、装具の適正化, 認知面への介入, 行動面への介入, 薬剤調整, 教育、指導
A34: 46085.507 | B34: 村山智幸 | C34: 新潟厚生連 上越総合病院 | D34: 新潟県 | E34: murayama-itigo-video1@ezweb.ne.jp | F34: リハビリテーション科 理学療法士 | G34: 137 | H34: 12 | I34: 2 | J34: 届け出はしているが、算定していない | K34: DVT予防, リラクセーション, ポジショニング, 自主運動指導, 術後リハビリテーションのオリエンテーション | L34: 全症例の0％〜24％程度 | N34: 全症例の0％〜24％程度 | P34: 全症例の0％〜24％程度 | R34: 全症例の0％〜24％程度 | T34: 握力, 膝伸展筋力 | V34: TUG, 握力 | X34: 立ち上がりテスト | Z34: Barthel Index（BI）, FIM | AB34: MMSE, HDS-R | AD34: 定量的な下肢筋力測定, 過去の転倒歴 | AF34: 決まっている | AG34: 退院までの期間 | AI34: 下肢筋力強化, バランス練習, 歩行練習, 起立、着座動作練習, 環境調整, 補助具、装具の適正化, 認知面への介入
A35: 46085.552 | B35: 藤野 裕美 | C35: 独立行政法人国立病院機構 四国こどもとおとなの医療センター | D35: 香川県 | E35: fujino.hiromi.qm@hosp.go.jp | F35: リハビリテーション科/理学療法士 | G35: 215 | H35: 6 | I35: 0 | J35: 届け出をしておらず、検討もしていない | K35: 実施していない | L35: 全症例の0％〜24％程度 | N35: 全症例の0％〜24％程度 | P35: 全症例の0％〜24％程度 | R35: 全症例の0％〜24％程度 | T35: 実施していない | U35: 評価を活用できる体制が整っておらず、仕組み作りが今後の課題 | V35: 実施していない | W35: 評価を活用できる体制が整っておらず、仕組み作りが今後の課題 | X35: 実施していない | Y35: 評価を活用できる体制が整っておらず、仕組み作りが今後の課題 | Z35: Barthel Index（BI）, FIM | AB35: MMSE, HDS-R | AD35: 定量的な下肢筋力測定, 認知機能, 転倒恐怖感, 過去の転倒歴, ベッド周囲および病室環境 | AF35: 決まっていない | AH35: 症状を基準に評価しており、業務フローは未整備である | AI35: 下肢筋力強化, バランス練習, 歩行練習, 歩容改善, 起立、着座動作練習, 環境調整, 補助具、装具の適正化, 教育、指導
A36: 46085.605 | B36: 桒原 慶太 | C36: 北里大学メディカルセンター | D36: 埼玉県 | E36: kuwabara@insti.kitasato-u.ac.jp | F36: リハビリテーションセンター・理学療法士 | G36: 98 | H36: 6 | I36: 0 | J36: 届け出をしておらず、検討もしていない | K36: 筋力増強運動, ポジショニング, 自主運動指導 | L36: 全症例の0％〜24％程度 | N36: 全症例の0％〜24％程度 | P36: 全症例の0％〜24％程度 | R36: 全症例の0％〜24％程度 | T36: 実施していない | U36: 握力、膝伸展筋力など上記の上から8つ目までは歩ける患者の多くで体力構成要素の検査として実施していますが、「サルコペニア」の評価としては実施していません。 | V36: 実施していない | W36: フレイルの評価をする視点がないため（フレイルであっても急性発症した疾病や手術後の影響が大きいためその視点でのアセスメントはできないため） | X36: 実施していない | Y36: Q11とおなじ理由 | Z36: Barthel Index（BI）, FIM | AB36: MMSE | AD36: 定量的な下肢筋力測定, 開眼片脚立位時間, TUG, 10m歩行速度, 5回椅子立ち上がりテスト, 認知機能 | AF36: 決まっていない | AH36: 日にちではなく、機能状態の改善程度を参考に決めています。 | AI36: 下肢筋力強化, バランス練習, 歩行練習, 歩容改善, 環境調整, 補助具、装具の適正化, 教育、指導
A37: 46085.654 | B37: 坂本 大和 | C37: 社会医療法人大成会 福岡記念病院 | D37: 福岡県 | E37: yappariyoshida@gmail.com | F37: リハビリテーション科／理学療法士 | G37: 225 | H37: 14 | I37: 9 | J37: 届け出をしておらず、検討もしていない | K37: DVT予防, リラクセーション, ポジショニング, 自主運動指導, 術後リハビリテーションのオリエンテーション, 離床（例：車椅子移乗,立位,歩行など）, 全症例には介入しておらず、入院から手術までの待機期間が長くなるケースのみ術前介入している。 | L37: 全症例の25％〜49％程度 | N37: 全症例の25％〜49％程度 | P37: 全症例の0％〜24％程度 | R37: 全症例の0％〜24％程度 | T37: SPPB, 下腿周径, 急性期病院のため、患者が安全に評価できる状況にない。 | V37: 認知機能 | X37: 実施していない | Y37: スタッフの認識と知識がない。 | Z37: Barthel Index（BI） | AB37: MMSE, HDS-R | AD37: 入院前と退院時の屋内、屋外での歩行状況の評価を実施している。 | AF37: 決まっている | AG37: 退院前には、評価項目を入力するようになっている。 | AI37: 下肢筋力強化, バランス練習, 歩行練習, 歩容改善, 環境調整, 補助具、装具の適正化
A38: 46085.675 | B38: 稲井 勲 | C38: 香川県済生会病院 | D38: 香川県 | E38: saiseikaikagawa@mf.pikara.ne.jp | F38: リハビリテーション科理学療法士 | G38: 64 | H38: 10 | I38: 8 | J38: 届け出はしていないが、現在検討中である | K38: 実施していない | L38: 全症例の0％〜24％程度 | N38: 全症例の0％〜24％程度 | P38: 全症例の0％〜24％程度 | R38: 全症例の0％〜24％程度 | T38: 実施していない, | U38: 個人の評価法による | V38: 実施していない | X38: 実施していない | Z38: FIM | AB38: MMSE, HDS-R | AD38: 実施していない | AI38: 下肢筋力強化, バランス練習, 歩行練習, 環境調整
A39: 46085.68 | B39: 照屋俊樹 | C39: 社会医療法人かりゆし会ハートライフ病院 | D39: 沖縄県 | E39: reha@heartlife.or.jp | F39: リハビリテーション科／理学療法士 | G39: 190 | H39: 15 | I39: 5 | J39: 届け出はしていないが、現在検討中である | K39: 関節可動域運動, 筋力増強運動, DVT予防, リラクセーション, ポジショニング, 術後リハビリテーションのオリエンテーション, 離床（例：車椅子移乗,立位,歩行など） | L39: 全症例の50％〜74％程度 | M39: 早期離床行い、動作能力を看護師へ報告し、トイレ誘導の依頼を行っている | N39: 全症例の25％〜49％程度 | P39: 全症例の25％〜49％程度 | R39: 全症例の0％〜24％程度 | T39: 実施していない | U39: 動作能力の改善度合いで評価しているため | V39: 実施していない | W39: 動作能力の改善度合いで評価しているため | X39: 立ち上がりテスト | Z39: FIM | AB39: MMSE, HDS-R | AD39: 注意障害, せん妄, 過去の転倒歴, 既往疾患の有無（脳血管疾患、パーキンソン病など）, 薬剤（向精神薬、降圧薬、利尿薬、ポリファーマシーなど）, ベッド周囲および病室環境 | AF39: 決まっている | AG39: 毎週 | AI39: 下肢筋力強化, バランス練習, 歩行練習, 歩容改善, 起立、着座動作練習, 環境調整, 補助具、装具の適正化, 認知面への介入, 行動面への介入, 教育、指導
A40: 46085.708 | B40: 望月弘己 | C40: 香芝生喜病院 | D40: 奈良県 | E40: mochimochihiromi@gmail.com | F40: リハビリテーション室 理学療法士 | G40: 110 | H40: 11 | I40: 7 | J40: 届け出をしておらず、検討もしていない | K40: 関節可動域運動, 筋力増強運動, ポジショニング, 自主運動指導 | L40: 全症例の50％〜74％程度 | M40: 十分な介助 | N40: 全症例の25％〜49％程度 | P40: 全症例の0％〜24％程度 | R40: 全症例の0％〜24％程度 | T40: 握力, 膝伸展筋力, FIM | V40: 握力 | X40: 実施していない | Y40: 知識が不十分 | Z40: FIM | AB40: MMSE, HDS-R | AD40: 深部感覚評価, 認知機能, 注意障害, せん妄, 転倒恐怖感, 過去の転倒歴 | AF40: 決まっていない | AI40: 下肢筋力強化, バランス練習, 歩行練習, 歩容改善, 環境調整, 補助具、装具の適正化, 認知面への介入, 行動面への介入, 教育、指導
A41: 46085.709 | B41: 谷 英幸 | C41: 社会医療法人財団 大和会 東大和病院 | D41: 東京都 | E41: rehabili@yamatokai.or.jp | F41: リハビリテーション科／理学療法士 | G41: 233 | H41: 9 | I41: 4 | J41: 現在、算定している | K41: 関節可動域運動, 筋力増強運動, DVT予防, リラクセーション, ポジショニング, 自主運動指導, 術後リハビリテーションのオリエンテーション, 離床（例：車椅子移乗,立位,歩行など） | L41: 全症例の0％〜24％程度 | N41: 全症例の0％〜24％程度 | P41: 全症例の0％〜24％程度 | R41: 全症例の0％〜24％程度 | T41: 握力, 膝伸展筋力, 開眼片脚立位時間 | V41: 認知機能, 握力 | X41: MMT、ROM、ADL評価 | Z41: Barthel Index（BI） | AB41: MMSE | AD41: 開眼片脚立位時間, 認知機能, 過去の転倒歴, 既往疾患の有無（脳血管疾患、パーキンソン病など）, 薬剤（向精神薬、降圧薬、利尿薬、ポリファーマシーなど）, ベッド周囲および病室環境 | AF41: 決まっていない | AH41: 術後ADLに準じて適宜実施している | AI41: 下肢筋力強化, バランス練習, 歩行練習, 歩容改善, 起立、着座動作練習, 環境調整, 補助具、装具の適正化, 認知面への介入, 行動面への介入, 教育、指導
A42: 46085.718 | B42: 山口通孝 | C42: 西尾市民病院 | D42: 愛知県 | E42: rehabilika@hospital.city.nishio.aichi.jp | G42: 216 | H42: 11 | I42: 3 | J42: 届け出をしておらず、検討もしていない | K42: 実施していない | L42: 全症例の0％〜24％程度 | N42: 全症例の0％〜24％程度 | P42: 全症例の25％〜49％程度 | R42: 全症例の0％〜24％程度 | T42: 握力, 膝伸展筋力 | V42: 握力 | X42: 実施していない | Z42: FIM | AB42: HDS-R | AD42: 定量的な下肢筋力測定 | AF42: 決まっている | AI42: 下肢筋力強化, バランス練習, 歩行練習, 歩容改善, 起立、着座動作練習, 環境調整, 補助具、装具の適正化, 認知面への介入, 教育、指導
A43: 46085.742 | B43: 野﨑 貴博 | C43: 医療法人伴帥会 愛野記念病院 | D43: 長崎県 | E43: aino-reha@ainomhp.jp | F43: リハビリテーション部／理学療法士 | G43: 60 | H43: 29 | I43: 8 | J43: 現在、算定している | K43: 関節可動域運動, 筋力増強運動, DVT予防, リラクセーション, ポジショニング, 自主運動指導, 術後リハビリテーションのオリエンテーション | L43: 全症例の25％〜49％程度 | N43: 全症例の0％〜24％程度 | P43: 全症例の0％〜24％程度 | R43: 全症例の0％〜24％程度 | T43: 握力, 5回椅子立ち上がりテスト, 歩行速度, TUG, 開眼片脚立位時間 | V43: J-CHS基準, TUG, 握力 | X43: 立ち上がりテスト, 2ステップテスト | Z43: Barthel Index（BI）, FIM | AB43: HDS-R | AD43: 認知機能, 注意障害, せん妄, 過去の転倒歴, 既往疾患の有無（脳血管疾患、パーキンソン病など）, ベッド周囲および病室環境 | AF43: 決まっている | AG43: 1日目 | AI43: 下肢筋力強化, バランス練習, 歩行練習, 起立、着座動作練習, 環境調整, 補助具、装具の適正化, 教育、指導
A44: 46085.757 | B44: 永井 健太 | C44: 社会医療法人栄公会 佐野記念病院 | D44: 大阪府 | E44: k_nagai@sanokinen.jp | F44: リハビリテーション部 | G44: 242 | H44: 39 | I44: 22 | J44: 届け出はしていないが、現在検討中である | K44: 関節可動域運動, 筋力増強運動, DVT予防, リラクセーション, ポジショニング, 自主運動指導, 術後リハビリテーションのオリエンテーション, 離床（例：車椅子移乗,立位,歩行など） | L44: 全症例の0％〜24％程度 | N44: 全症例の0％〜24％程度 | P44: 全症例の0％〜24％程度 | R44: 全症例の0％〜24％程度 | T44: 握力, 膝伸展筋力, 5回椅子立ち上がりテスト, 歩行速度, TUG, 開眼片脚立位時間, 骨格筋量指数（SMI） | V44: TUG, 認知機能, 握力 | X44: 立ち上がりテスト | Z44: Barthel Index（BI）, FIM | AB44: MMSE, HDS-R, MoCA | AD44: 定量的な下肢筋力測定, 開眼片脚立位時間, TUG, 10m歩行速度, Berg Balance Scale（BBS）, 5回椅子立ち上がりテスト, 認知機能, 注意障害, せん妄, 転倒恐怖感, 過去の転倒歴, 既往疾患の有無（脳血管疾患、パーキンソン病など）, ベッド周囲および病室環境 | AF44: 決まっている | AG44: 術後２週間後、退院時 | AI44: 下肢筋力強化, バランス練習, 歩行練習, 歩容改善, 起立、着座動作練習, 環境調整, 補助具、装具の適正化, 認知面への介入, 行動面への介入, 教育、指導
A45: 46085.77 | B45: 鷺池 一幸 | C45: 独立行政法人国立病院機構 相模原病院 | D45: 神奈川県 | E45: sagiike.kazuyuki.ka@mail.hosp.go.jp | F45: 理学療法士 | G45: 159 | H45: 11 | I45: 7 | J45: 届け出をしておらず、検討もしていない | K45: 関節可動域運動, 筋力増強運動, 呼吸リハビリテーション, リラクセーション, ポジショニング, 自主運動指導, 術後リハビリテーションのオリエンテーション | L45: 全症例の75％〜100％程度 | M45: 早期介入 | N45: 全症例の25％〜49％程度 | P45: 全症例の25％〜49％程度 | R45: 全症例の25％〜49％程度 | T45: 実施していない | U45: マンパワー不足のため介入時間が取れていない。 | V45: 実施していない | W45: マンパワー不足のため介入時間が取れていない。 | X45: 実施していない | Y45: マンパワー不足のため介入時間が取れていない。 | Z45: Barthel Index（BI） | AB45: 実施していない | AC45: マンパワー不足のため介入時間が取れていない。 | AD45: ベッド周囲および病室環境 | AF45: 決まっていない | AI45: 下肢筋力強化, バランス練習, 歩行練習, 歩容改善, 起立、着座動作練習, 環境調整, 教育、指導
A46: 46085.772 | B46: 河合卓哉 | C46: 医療法人藤井会 大東中央病院 | D46: 大阪府 | E46: daitoreha.fujiikai@gmail.com | F46: リハビリテーション室/理学療法士 | G46: 150 | H46: 8 | I46: 0 | J46: 届け出をしておらず、検討もしていない | K46: 関節可動域運動, 筋力増強運動, DVT予防, リラクセーション, ポジショニング, 自主運動指導, 術後リハビリテーションのオリエンテーション | L46: 全症例の0％〜24％程度 | N46: 全症例の0％〜24％程度 | P46: 全症例の0％〜24％程度 | R46: 全症例の0％〜24％程度 | T46: 実施していない | U46: 急性期であり、疼痛や筋力低下等が強く評価実施が困難なため。 | V46: 実施していない | W46: 急性期であり、疼痛や筋力低下等が強く評価実施が困難なため。 | X46: 実施していない | Y46: 急性期であり、疼痛や筋力低下等が強く評価実施が困難なため。 | Z46: FIM | AB46: HDS-R | AD46: 実施していない | AI46: 下肢筋力強化, 起立、着座動作練習, 環境調整, 教育、指導
A47: 46086.567 | B47: 國分 隆行 | C47: 社会医療法人恵仁会くろさわ病院 | D47: 長野県 | E47: k1260@keijinnet.or.jp | F47: リハビリテーションセンター／理学療法士 | G47: 89 | H47: 20 | I47: 10 | J47: 届け出をしておらず、検討もしていない | K47: 関節可動域運動, 筋力増強運動, DVT予防, リラクセーション, ポジショニング, 術後リハビリテーションのオリエンテーション | L47: 全症例の25％〜49％程度 | N47: 全症例の50％〜74％程度 | P47: 全症例の0％〜24％程度 | R47: 全症例の0％〜24％程度 | T47: TUG, 下腿周径 | V47: TUG | X47: 実施していない | Y47: 必要性を感じていない | Z47: Barthel Index（BI）, FIM | AB47: MMSE, HDS-R, MoCA | AD47: TUG, 認知機能 | AF47: 決まっている | AG47: 術後14日、30日、90日、120日、365日 | AI47: 下肢筋力強化, バランス練習, 歩行練習, 歩容改善, 起立、着座動作練習, 環境調整, 補助具、装具の適正化, 認知面への介入, 行動面への介入, 教育、指導
A48: 46086.652 | B48: 青柳秀和 | C48: 八潮中央総合病院 | D48: 埼玉県 | E48: hidekazu.aoyagi@yashio-cgh.jp | F48: リハビリテーション科/理学療法士 | G48: 80 | H48: 17 | I48: 8 | J48: 届け出はしていないが、現在検討中である | K48: 関節可動域運動, 筋力増強運動, 呼吸リハビリテーション, DVT予防, リラクセーション, ポジショニング, 自主運動指導 | L48: 全症例の25％〜49％程度 | N48: 全症例の0％〜24％程度 | P48: 全症例の0％〜24％程度 | R48: 全症例の0％〜24％程度 | T48: 歩行速度, TUG, 開眼片脚立位時間 | V48: TUG, 認知機能 | X48: 実施していない | Y48: 現場の教育、体制整備ができていないため。 | Z48: Barthel Index（BI） | AB48: MMSE, AMTS | AD48: Berg Balance Scale（BBS） | AF48: 決まっている | AG48: 退院前日 | AI48: 下肢筋力強化, バランス練習, 歩行練習, 歩容改善, 起立、着座動作練習, 環境調整, 補助具、装具の適正化, 認知面への介入, 行動面への介入, 教育、指導
A49: 46086.736 | B49: 滝口孝彦 | C49: 公立学校共済組合 東北中央病院 | D49: 山形県 | E49: rihabiri@tohoku-ctr-hsp.com | G49: 91 | H49: 12 | I49: 2 | J49: 届け出をしておらず、検討もしていない | K49: 関節可動域運動, 筋力増強運動, 自主運動指導, 術後リハビリテーションのオリエンテーション | L49: 全症例の25％〜49％程度 | M49: 術前のオリエンテーションと早期介入 | N49: 全症例の0％〜24％程度 | P49: 全症例の0％〜24％程度 | R49: 全症例の0％〜24％程度 | T49: 握力, 膝伸展筋力 | V49: 認知機能, 握力 | X49: 実施していない | Y49: ケースによって実施 | Z49: FIM | AB49: 実施していない | AC49: 心理療法士に依頼 | AD49: 10m歩行速度, 深部感覚評価, 認知機能, 過去の転倒歴, 既往疾患の有無（脳血管疾患、パーキンソン病など） | AF49: 決まっていない | AH49: ケースによる | AI49: 下肢筋力強化, バランス練習, 歩行練習, 歩容改善, 起立、着座動作練習, 環境調整, 補助具、装具の適正化
A50: 46086.767 | B50: 伊藤 佳歩 | C50: 医療法人法美宝 総合青山病院 | D50: 愛知県 | E50: r1682702@sc.sozo.ac.jp | F50: リハビリテーション技術室/理学療法士 | G50: 20 | H50: 16 | I50: 6 | J50: 現在、算定している | K50: 関節可動域運動, 筋力増強運動, DVT予防, ポジショニング, 自主運動指導, 術後リハビリテーションのオリエンテーション, 離床（例：車椅子移乗,立位,歩行など） | L50: 全症例の0％〜24％程度 | N50: 全症例の25％〜49％程度 | P50: 全症例の50％〜74％程度 | Q50: 廃用予防、DVT予防 | R50: 全症例の0％〜24％程度 | T50: 下腿周径 | V50: 実施していない | W50: 評価→リハビリの体制が構築されていない 個々のリハビリに委ねられている | X50: 実施していない | Y50: 評価→リハビリの体制が構築されていない 個々のリハビリに委ねられている | Z50: Barthel Index（BI）, FIM | AB50: MMSE, HDS-R | AD50: 5回椅子立ち上がりテスト, 認知機能, 転倒恐怖感, 過去の転倒歴, 既往疾患の有無（脳血管疾患、パーキンソン病など） | AF50: わからない | AI50: 下肢筋力強化, バランス練習, 歩行練習, 歩容改善, 起立、着座動作練習, 環境調整, 補助具、装具の適正化, 行動面への介入, 薬剤調整, 教育、指導
A51: 46086.789 | B51: 水野理惠 | C51: 横浜市立みなと赤十字病院 | D51: 神奈川県 | E51: r-mizuno.pj@yokohama.jrc.or.jp | F51: リハビリテーション科 理学療法士 | G51: 175 | H51: 21 | I51: 10 | J51: 届け出はしていないが、現在検討中である | K51: 関節可動域運動, 筋力増強運動, DVT予防, ポジショニング, 自主運動指導, 術後リハビリテーションのオリエンテーション | L51: 全症例の75％〜100％程度 | M51: 全身状態を確認の上、安静度の制限がない限り手術翌日離床を予定や目標にしているため。 | N51: 全症例の0％〜24％程度 | P51: 全症例の0％〜24％程度 | R51: 全症例の0％〜24％程度 | T51: 握力 | V51: 握力 | X51: 実施していない | Y51: 術後10日前後で転院となるため、機能的に困難なケースが多いため。 | Z51: Barthel Index（BI） | AB51: MMSE, AMTS | AD51: 認知機能 | AF51: 決まっている | AG51: 術後10日 | AI51: 下肢筋力強化, バランス練習, 歩行練習, 起立、着座動作練習, 補助具、装具の適正化
A52: 46087.301 | B52: 和田 真明 | C52: 三田市民病院 | D52: 兵庫県 | E52: wdmsk214@gmail.com | F52: リハビリテーション科／理学療法士 | G52: 205 | H52: 12 | I52: 5 | J52: 届け出はしていないが、現在検討中である | K52: 関節可動域運動, 筋力増強運動, 呼吸リハビリテーション, リラクセーション, 術後リハビリテーションのオリエンテーション | L52: 全症例の50％〜74％程度 | M52: リラクゼーションやポジショニング、服薬コントロールなどを実施しています | N52: 全症例の0％〜24％程度 | P52: 全症例の0％〜24％程度 | R52: 全症例の0％〜24％程度 | T52: 握力, 5回椅子立ち上がりテスト, 歩行速度, SPPB, 下腿周径 | V52: 握力 | X52: 実施していない | Y52: サルコペニア フレイル評価をしているため | Z52: Barthel Index（BI） | AB52: MMSE | AD52: 5回椅子立ち上がりテスト, 転倒リスク評価表（厚生労働省） | AF52: 決まっている | AG52: 退院前日 | AI52: 下肢筋力強化, バランス練習, 歩行練習, 歩容改善, 起立、着座動作練習, 環境調整, 補助具、装具の適正化, 認知面への介入, 教育、指導
A53: 46087.39 | B53: 阿部寛子 | C53: 大館市立総合病院 | D53: 秋田県 | E53: hirori09073234721@gmail.com | F53: リハビリテーション科/理学療法士 | G53: 97 | H53: 12 | I53: 2 | J53: 届け出をしておらず、検討もしていない | K53: 筋力増強運動, 認知評価 | L53: 全症例の50％〜74％程度 | M53: 疼痛コントロール | N53: 全症例の25％〜49％程度 | P53: 全症例の0％〜24％程度 | R53: 全症例の0％〜24％程度 | T53: 握力, 5回椅子立ち上がりテスト, 歩行速度, SPPB | V53: 握力 | X53: 立ち上がりテスト, 2ステップテスト | Z53: Barthel Index（BI） | AB53: AMTS | AD53: SPPB、Functional Reach Test（FRT）, 5回椅子立ち上がりテスト, 転倒恐怖感 | AF53: 決まっている | AG53: 30日、120日、180日、365日 | AI53: 下肢筋力強化, バランス練習, 歩行練習, 補助具、装具の適正化, 教育、指導
A54: 46087.535 | B54: 加藤 望 | C54: 青森労災病院 | D54: 青森県 | E54: rihaka@aomorih.johas.go.jp | G54: 55 | H54: 14 | I54: 0 | J54: 届け出をしておらず、検討もしていない | K54: 関節可動域運動, 筋力増強運動, DVT予防, リラクセーション, ポジショニング, 自主運動指導, 術後リハビリテーションのオリエンテーション | L54: 全症例の50％〜74％程度 | N54: 全症例の50％〜74％程度 | P54: 全症例の0％〜24％程度 | R54: 全症例の0％〜24％程度 | T54: 膝伸展筋力, TUG, 下腿周径 | V54: 実施していない | X54: 実施していない | Z54: FIM | AB54: 実施していない | AC54: 臨床心理士が実施しているため | AD54: 実施していない | AI54: 下肢筋力強化, バランス練習, 歩行練習, 歩容改善, 起立、着座動作練習, 環境調整, 補助具、装具の適正化, 認知面への介入, 行動面への介入, 教育、指導
A55: 46087.587 | B55: 後藤田 晶 | C55: 吉野川医療センター | D55: 徳島県 | E55: seikeiope@ja-ymc.jp | F55: リハビリテーション科/理学療法士 | G55: 289 | H55: 10 | I55: 4 | J55: 届け出はしていないが、現在検討中である | K55: 関節可動域運動, 筋力増強運動, DVT予防, リラクセーション, ポジショニング, 自主運動指導, 術後リハビリテーションのオリエンテーション | L55: 全症例の0％〜24％程度 | N55: 全症例の0％〜24％程度 | P55: 全症例の0％〜24％程度 | R55: 全症例の0％〜24％程度 | T55: 開眼片脚立位時間, 下腿周径 | V55: 認知機能 | X55: 立ち上がりテスト | Z55: Barthel Index（BI）, FIM | AB55: HDS-R | AD55: 定量的な下肢筋力測定, 10m歩行速度 | AF55: 決まっている | AG55: 術後14日目 | AI55: 下肢筋力強化, バランス練習, 歩行練習, 歩容改善, 認知面への介入, 行動面への介入, 教育、指導
A56: 46087.775 | B56: 守屋大輔 | C56: 佐野厚生総合病院 | D56: 栃木県 | E56: reha@jasanoko.or.jp | F56: リハビリテーション科／理学療法士 | G56: 167 | H56: 5 | I56: 0 | J56: 届け出はしていないが、現在検討中である | K56: 関節可動域運動, 筋力増強運動, DVT予防, リラクセーション, ポジショニング, 自主運動指導, 術後リハビリテーションのオリエンテーション | L56: 全症例の0％〜24％程度 | N56: 全症例の0％〜24％程度 | P56: 全症例の0％〜24％程度 | R56: 全症例の0％〜24％程度 | T56: 握力, 開眼片脚立位時間, 骨格筋量指数（SMI）, 下腿周径 | V56: 認知機能, 握力 | X56: 立ち上がりテスト, 2ステップテスト | Z56: FIM | AB56: HDS-R | AD56: 開眼片脚立位時間, 認知機能 | AF56: 決まっていない | AH56: 術後2週間以内にとしており、疼痛など患者によりかなり違いがあるため、何日目とはしていないではばをもたせている | AI56: 下肢筋力強化, バランス練習, 歩行練習, 歩容改善, 起立、着座動作練習, 環境調整, 補助具、装具の適正化, 認知面への介入, 行動面への介入, 薬剤調整, 教育、指導
A57: 46087.778 | B57: 山口 和久 | C57: 国家公務員共済組合連合会 横浜栄共済病院 | D57: 神奈川県 | E57: r4-retion@yokohamasakae.jp | F57: リハビリテーション科／理学療法士 | G57: 180 | H57: 12 | I57: 0 | J57: 届け出をしておらず、検討もしていない | K57: 関節可動域運動, 筋力増強運動, DVT予防, ポジショニング, 自主運動指導, 術後リハビリテーションのオリエンテーション | L57: 全症例の25％〜49％程度 | N57: 全症例の0％〜24％程度 | P57: 全症例の0％〜24％程度 | R57: 全症例の0％〜24％程度 | T57: 握力, 膝伸展筋力 | V57: 握力 | X57: 実施していない | Y57: ロコモ評価は、急性期術後の患者（約２週間程度の入院期間）で実施するには内容が難しい | Z57: Barthel Index（BI） | AB57: 実施していない | AC57: 業務分担しており、当院では臨床心理師がAMTSの評価を担当している | AD57: 定量的な下肢筋力測定, 深部感覚評価, 認知機能, 転倒恐怖感, 既往疾患の有無（脳血管疾患、パーキンソン病など） | AF57: 決まっていない | AH57: 決まっていない理由は特にありません。特別事前にルールも設けてはいません。 ただし、全ての評価を同日日に実施する事が時間的に制約を受けることはあります。 | AI57: 下肢筋力強化, 歩行練習, 歩容改善, 起立、着座動作練習, 補助具、装具の適正化, 教育、指導
A58: 46087.799 | B58: 稲垣忍 | C58: 桑名市総合医療センター | D58: 三重県 | E58: pt.inaketsu@gmail.com | F58: リハビリテーション室 理学療法士 | G58: 126 | H58: 1 | I58: 1 | J58: 届け出をしておらず、検討もしていない | K58: 実施していない | L58: 全症例の50％〜74％程度 | N58: 全症例の0％〜24％程度 | P58: 全症例の0％〜24％程度 | R58: 全症例の0％〜24％程度 | T58: 実施していない | V58: 実施していない | X58: 実施していない | Z58: FIM | AB58: MMSE, HDS-R | AD58: 実施していない | AI58: 下肢筋力強化, バランス練習, 歩行練習, 歩容改善, 起立、着座動作練習, 環境調整, 補助具、装具の適正化
A59: 46087.817 | B59: 口石智秀 | C59: 国立病院機構熊本再春医療センター | D59: 熊本県 | E59: kuchiishi.tomohide.ct@mail.hosp.go.jp | F59: リハビリテーション科/理学療法士 | G59: 90 | H59: 11 | I59: 0 | J59: 届け出をしておらず、検討もしていない | K59: 筋力増強運動, 術後リハビリテーションのオリエンテーション | L59: 全症例の0％〜24％程度 | N59: 全症例の0％〜24％程度 | P59: 全症例の0％〜24％程度 | R59: 全症例の0％〜24％程度 | T59: 握力, 膝伸展筋力, 歩行速度, TUG, 開眼片脚立位時間 | V59: TUG, 握力 | X59: 実施していない | Z59: Barthel Index（BI）, FIM | AB59: MMSE, HDS-R, MoCA | AD59: 10m歩行速度 | AF59: 決まっていない | AI59: 下肢筋力強化, バランス練習, 歩行練習, 起立、着座動作練習, 環境調整, 補助具、装具の適正化, 教育、指導
A60: 46087.867 | B60: 尾崎 泰 | C60: 大阪府済生会中津病院 | D60: 大阪府 | E60: y_ozaki@nakatsu.saiseikai.or.jp | F60: リハビリテーション技術部/理学療法士 | G60: 104 | H60: 14 | I60: 3 | J60: 現在、算定している | K60: 実施していない | L60: 全症例の0％〜24％程度 | N60: 全症例の25％〜49％程度 | P60: 全症例の0％〜24％程度 | R60: 全症例の0％〜24％程度 | T60: 握力, 5回椅子立ち上がりテスト | V60: 握力 | X60: 立ち上がりテスト, 2ステップテスト | Z60: Barthel Index（BI） | AB60: HDS-R | AD60: 実施していない | AE60: あえて、決まった評価は実施していない。必要性に応じて個別で実施。 | AI60: 下肢筋力強化, バランス練習, 歩行練習, 環境調整, 教育、指導
A61: 46087.97 | B61: 坂口知義 | C61: 岡山労災病院 | D61: 岡山県 | E61: tomoyoshi0127@gmail.com | F61: 中央リハビリテーション部／理学療法士 | G61: 20 | H61: 14 | I61: 3 | J61: 届け出はしていないが、現在検討中である | K61: 関節可動域運動, 筋力増強運動, 呼吸リハビリテーション, DVT予防, ポジショニング, 術後リハビリテーションのオリエンテーション | L61: 全症例の50％〜74％程度 | M61: 痛みが落ち着けば二日目より歩けるので、翌日は端座位までで、急いで進めていないです。 | N61: 全症例の25％〜49％程度 | P61: 全症例の0％〜24％程度 | R61: 全症例の0％〜24％程度 | T61: 5回椅子立ち上がりテスト, 歩行速度, TUG, 開眼片脚立位時間 | V61: TUG | X61: 実施していない | Z61: Barthel Index（BI）, FIM | AB61: MMSE, HDS-R | AD61: 開眼片脚立位時間, TUG, 10m歩行速度, 5回椅子立ち上がりテスト | AF61: 決まっていない | AH61: 病棟の安静度を決める際に評価するため、日にちは個人差があり決めてない。 | AI61: 下肢筋力強化, バランス練習, 歩行練習, 起立、着座動作練習
A62: 46088.329 | B62: 吉川 祐樹 | C62: 北海道社会事業協会帯広病院 | D62: 北海道 | E62: y-kichikawa@obihiro-kyokai-hsp.jp | F62: リハビリテーション科／理学療法士 | G62: 49 | H62: 9 | I62: 3 | J62: 届け出をしておらず、検討もしていない | K62: 関節可動域運動, 筋力増強運動, 呼吸リハビリテーション, リラクセーション, ポジショニング, 術後リハビリテーションのオリエンテーション | L62: 全症例の50％〜74％程度 | M62: 炎症、腫脹管理、リラクセーション、ポジショニング | N62: 全症例の0％〜24％程度 | P62: 全症例の0％〜24％程度 | R62: 全症例の0％〜24％程度 | T62: 下腿周径 | V62: 実施していない | W62: フレイル目的で評価をしていないため。機能、能力判定に評価をしている。 | X62: 実施していない | Y62: ロコモティブシンドローム目的で評価していないため。 | Z62: Barthel Index（BI） | AB62: MMSE, HDS-R | AD62: 実施していない | AE62: FLS活動の一環として実施していないため。能力把握で評価はしている項目あり。 | AI62: 下肢筋力強化, バランス練習, 歩行練習, 歩容改善, 起立、着座動作練習, 環境調整, 補助具、装具の適正化, 認知面への介入, 教育、指導
A63: 46088.548 | B63: 相原 徹也 | C63: 新座志木中央総合病院 | D63: 埼玉県 | E63: t_kodaka@tmg.or.jp | F63: リハビリテーション科/理学療法士 | G63: 269 | H63: 45 | I63: 0 | J63: 現在、算定している | K63: 関節可動域運動, 筋力増強運動, DVT予防, リラクセーション, ポジショニング, 自主運動指導, 術後リハビリテーションのオリエンテーション | L63: 全症例の0％〜24％程度 | N63: 全症例の0％〜24％程度 | P63: 全症例の0％〜24％程度 | R63: 全症例の0％〜24％程度 | T63: 握力, 下腿周径 | V63: 認知機能, 握力 | X63: ロコモ25（質問票） | Z63: Barthel Index（BI）, FIM | AB63: HDS-R | AD63: 定量的な下肢筋力測定, 深部感覚評価, 認知機能, 過去の転倒歴, 既往疾患の有無（脳血管疾患、パーキンソン病など）, ベッド周囲および病室環境 | AF63: 決まっている | AG63: 術後1日目，術後14日目 | AI63: 下肢筋力強化, バランス練習, 歩行練習, 歩容改善, 起立、着座動作練習, 環境調整, 補助具、装具の適正化, 認知面への介入, 行動面への介入, 教育、指導
A64: 46090.376 | B64: 佐藤大樹 | C64: 社会福祉法人函館厚生院函館五稜郭病院 | D64: 北海道 | E64: gaburichu_takeshi@icloud.com | F64: 作業療法士 | G64: 146 | H64: 36 | I64: 5 | J64: 届け出はしていないが、現在検討中である | K64: 関節可動域運動, 筋力増強運動, 呼吸リハビリテーション, DVT予防, リラクセーション, ポジショニング, 自主運動指導, 術後リハビリテーションのオリエンテーション, 離床（例：車椅子移乗,立位,歩行など） | L64: 全症例の75％〜100％程度 | M64: 特別な対応なし | N64: 全症例の25％〜49％程度 | P64: 全症例の25％〜49％程度 | R64: 全症例の0％〜24％程度 | T64: 握力, 膝伸展筋力, 歩行速度, TUG | V64: TUG, 認知機能, 握力 | X64: 実施していない | Y64: 現状大腿骨骨折のみを対象としているため，病前実施ができない．質問紙は認知機能の問題や労力の観点から実施が難しい． | Z64: Barthel Index（BI）, FIM | AB64: HDS-R, AMTS | AD64: 定量的な下肢筋力測定, 認知機能 | AF64: 決まっていない | AH64: 科内として定期的な取り決めはあるが，施設FLS活動として具体的には決めてはいない．術前の認知機能検査，握力測定は極力実施するよう決めている． | AI64: 下肢筋力強化, バランス練習, 歩行練習, 歩容改善, 起立、着座動作練習, 環境調整, 補助具、装具の適正化, 認知面への介入, 行動面への介入, 教育、指導
A65: 46090.404 | B65: 木村英司 | C65: 中部国際医療センター | D65: 岐阜県 | E65: riha@cjimc-hp.jp | F65: リハビリテーション技術部/理学療法士 | G65: 500 | H65: 10 | I65: 4 | J65: 届け出はしていないが、現在検討中である | K65: 関節可動域運動, DVT予防, ポジショニング, 術後リハビリテーションのオリエンテーション, 離床（例：車椅子移乗,立位,歩行など） | L65: 全症例の0％〜24％程度 | N65: 全症例の0％〜24％程度 | P65: 全症例の0％〜24％程度 | R65: 全症例の0％〜24％程度 | T65: 握力, TUG, 下腿周径 | V65: TUG, 認知機能, 握力 | X65: 立ち上がりテスト | Z65: FIM | AB65: MMSE, HDS-R | AD65: 定量的な下肢筋力測定, TUG, 10m歩行速度, 認知機能, 過去の転倒歴, NRS | AF65: 決まっていない | AH65: 適宜となります。 | AI65: 下肢筋力強化, バランス練習, 歩行練習, 歩容改善, 起立、着座動作練習, 環境調整, 補助具、装具の適正化, 認知面への介入, 教育、指導
A66: 46090.405 | B66: 中 翔一郎 | C66: 特定医療法人 明徳会 佐藤第一病院 | D66: 大分県 | E66: meitokukai-rh@sato-d1.com | F66: リハビリテーション部 理学療法士 | G66: 66 | H66: 11 | I66: 5 | J66: 現在、算定している | K66: 関節可動域運動, リラクセーション, ポジショニング, 術後リハビリテーションのオリエンテーション | L66: 全症例の50％〜74％程度 | M66: 物理療法など電気刺激療法（TENS）による疼痛緩和など | N66: 全症例の25％〜49％程度 | P66: 全症例の0％〜24％程度 | Q66: 徒手、物理療法を全症例実施し、術後早期より起立練習を実施している（回数確認） | R66: 全症例の0％〜24％程度 | T66: 握力 | V66: 握力 | X66: 実施していない | Y66: 急性疾患の評価を優先しており、ロコモでも視点で評価していない | Z66: Barthel Index（BI） | AB66: MMSE, HDS-R | AD66: 実施していない | AE66: 施設内で定めている評価はないが、FBS、TUG、FRIや環境調整などを適時スタッフが個別に実施している | AH66: 多様な疾患の方が入院してくる施設であり、統一することが難しい | AI66: 下肢筋力強化, バランス練習, 歩行練習, 歩容改善, 起立、着座動作練習, 環境調整, 補助具、装具の適正化, 認知面への介入, 教育、指導
A67: 46090.543 | B67: 中西 亨 | C67: 医療法人大医会 日進おりど病院 | D67: 愛知県 | E67: orido_reha@daiikai.jp | F67: リハビリテーション科/理学療法士 | G67: 61 | H67: 11 | I67: 3 | J67: 届け出をしておらず、検討もしていない | K67: 関節可動域運動, 筋力増強運動, リラクセーション, ポジショニング, 自主運動指導, 離床（例：車椅子移乗,立位,歩行など） | L67: 全症例の0％〜24％程度 | N67: 全症例の25％〜49％程度 | P67: 全症例の0％〜24％程度 | R67: 全症例の0％〜24％程度 | T67: SPPB | V67: 認知機能 | X67: 立ち上がりテスト | Z67: FIM | AB67: MMSE, HDS-R, AMTS | AD67: 開眼片脚立位時間, SPPB、Functional Reach Test（FRT）, 認知機能, SIDE | AF67: 決まっている | AG67: 14日目にSPPB、MMSE評価 | AI67: 下肢筋力強化, バランス練習, 歩行練習, 歩容改善, 起立、着座動作練習, 環境調整, 補助具、装具の適正化, 認知面への介入, 行動面への介入, 教育、指導
A68: 46090.64 | B68: 河合 賢太郎 | C68: 大垣市民病院 | D68: 岐阜県 | E68: giants.kawa.kami.g@gmail.com | F68: リハビリテーション科／理学療法士 | G68: 198 | H68: 8 | I68: 0 | J68: 届け出はしていないが、現在検討中である | K68: 関節可動域運動, 筋力増強運動, 呼吸リハビリテーション, DVT予防, リラクセーション, ポジショニング, 自主運動指導, 術後リハビリテーションのオリエンテーション, 離床（例：車椅子移乗,立位,歩行など） | L68: 全症例の0％〜24％程度 | N68: 全症例の0％〜24％程度 | P68: 全症例の0％〜24％程度 | R68: 全症例の0％〜24％程度 | T68: 実施していない | U68: 評価する時間が取れない | V68: 実施していない | W68: 評価する時間がとれない | X68: 実施していない | Y68: 評価する時間が取れない | Z68: Barthel Index（BI） | AB68: 実施していない | AC68: 看護師が認知機能検査を実施するため | AD68: 実施していない | AE68: 必要があれば実施しているが、実施することが定められてはいない。 | AH68: 必要があれば実施しているが、全症例に共通した評価をする時間が取れない | AI68: 下肢筋力強化, バランス練習, 歩行練習, 歩容改善, 起立、着座動作練習, 環境調整, 補助具、装具の適正化, 認知面への介入, 行動面への介入, 薬剤調整, 教育、指導
A69: 46091.351 | B69: 山根 健太 | C69: 鳥取県立中央病院 | D69: 鳥取県 | E69: y.kenta.chubyoriha.pt@gmail.com | F69: リハビリテーション室／理学療法士 | G69: 90 | H69: 10 | I69: 7 | J69: 届け出はしていないが、現在検討中である | K69: 関節可動域運動, 筋力増強運動, DVT予防, リラクセーション, ポジショニング, 自主運動指導, 術後リハビリテーションのオリエンテーション | L69: 全症例の0％〜24％程度 | N69: 全症例の0％〜24％程度 | P69: 全症例の25％〜49％程度 | R69: 全症例の0％〜24％程度 | T69: TUG | V69: TUG | X69: 実施していない | Y69: 限られた時間の中で早期離床への課題を中心に取り組み、可能となれば早期に転院となるため | Z69: Barthel Index（BI）, FIM | AB69: MMSE, HDS-R, AMTS | AD69: TUG, 認知機能, せん妄, 過去の転倒歴, 既往疾患の有無（脳血管疾患、パーキンソン病など）, 薬剤（向精神薬、降圧薬、利尿薬、ポリファーマシーなど）, ベッド周囲および病室環境 | AF69: 決まっていない | AH69: FLSとしての活動が不十分だから | AI69: 下肢筋力強化, バランス練習, 歩行練習, 歩容改善, 起立、着座動作練習, 環境調整, 補助具、装具の適正化, 認知面への介入, 行動面への介入, 教育、指導
A70: 46091.392 | B70: 柳川 明義 | C70: 社会医療法人信愛会畷生会脳神経外科病院 | D70: 大阪府 | E70: ak.yanagawa@tesseikai.jp | F70: リハビリテーション科／作業療法士 | G70: 108 | H70: 25 | I70: 0 | J70: 届け出はしていないが、現在検討中である | K70: 実施していない | L70: 全症例の0％〜24％程度 | N70: 全症例の0％〜24％程度 | P70: 全症例の0％〜24％程度 | R70: 全症例の0％〜24％程度 | T70: 握力, 膝伸展筋力, 5回椅子立ち上がりテスト, 歩行速度, SPPB, TUG, 6分間歩行距離, 開眼片脚立位時間, 下腿周径 | V70: TUG, 6分間歩行距離, 認知機能 | X70: 実施していない | Y70: ロコモティブシンドロームをそれほど考慮したリハビリを実施していない | Z70: Barthel Index（BI）, FIM | AB70: HDS-R | AD70: 定量的な下肢筋力測定, 開眼片脚立位時間, TUG, 10m歩行速度, 過去の転倒歴, 既往疾患の有無（脳血管疾患、パーキンソン病など）, ベッド周囲および病室環境 | AF70: 決まっていない | AH70: 必要に応じて（対象者に応じて）実施する為 | AI70: 下肢筋力強化, バランス練習, 歩行練習, 歩容改善, 起立、着座動作練習, 環境調整, 補助具、装具の適正化, 教育、指導
A71: 46091.4 | B71: 内藤浩平 | C71: 西の京病院 | D71: 奈良県 | E71: ols@nishinokyo.or.jp | F71: 明道知巳 | G71: 83 | H71: 19 | I71: 7 | J71: 現在、算定している | K71: 関節可動域運動, 筋力増強運動, リラクセーション, ポジショニング, 自主運動指導, 術後リハビリテーションのオリエンテーション, 術前評価とADL指導（移乗・トイレ動作）、安静度の決定など | L71: 全症例の25％〜49％程度 | N71: 全症例の0％〜24％程度 | P71: 全症例の0％〜24％程度 | R71: 全症例の0％〜24％程度 | T71: 握力, 膝伸展筋力, 5回椅子立ち上がりテスト, 歩行速度, SPPB, TUG, 開眼片脚立位時間, 下腿周径 | V71: TUG, 握力 | X71: 立ち上がりテスト | Z71: Barthel Index（BI）, FIM | AB71: HDS-R | AD71: 実施していない | AE71: 転棟があったケースについては原因確認し、対策を検討するがすべてのケースに決まった評価は実施できていない。 | AI71: 下肢筋力強化, バランス練習, 歩行練習, 歩容改善, 起立、着座動作練習, 環境調整, 認知面への介入, 行動面への介入, 教育、指導
A72: 46091.418 | B72: 渡邉友彦 | C72: 長野市民病院 | D72: 長野県 | E72: tomohiko_watanabe@hospital.nagano.nagano.jp | F72: リハビリテーション科 理学療法士 | G72: 181 | H72: 8 | I72: 6 | J72: 届け出をしておらず、検討もしていない | K72: 主には実施していない。依頼があったときのみ。 | L72: 全症例の50％〜74％程度 | M72: 術翌日から介入しており、早期離床を目的としているから | N72: 全症例の25％〜49％程度 | P72: 全症例の25％〜49％程度 | R72: 全症例の25％〜49％程度 | T72: 膝伸展筋力, 歩行速度, 下腿周径 | V72: セラピストによって実施しているが、必ずやると決めていない | X72: 実施していない | Y72: 行うと決めていない | Z72: FIM | AB72: MMSE | AD72: 転倒リスク評価表で評価している | AF72: 決まっていない | AH72: 日にちまでは具体的に決めていない。1週のうちに行うようにしている。 | AI72: 下肢筋力強化, バランス練習, 歩行練習, 起立、着座動作練習, 環境調整, 認知面への介入
A73: 46091.429 | B73: 鵜鷹 正敏 | C73: 西脇市立西脇病院 | D73: 兵庫県 | E73: rehapt@nshp.jp | G73: 114 | H73: 17 | I73: 9 | J73: 届け出はしていないが、現在検討中である | K73: 実施していない | L73: 全症例の25％〜49％程度 | N73: 全症例の25％〜49％程度 | P73: 全症例の0％〜24％程度 | R73: 全症例の0％〜24％程度 | T73: 握力, 膝伸展筋力, 5回椅子立ち上がりテスト, 歩行速度, SPPB, 下腿周径, GNRI, 修正ＴＵＧ | V73: 認知機能, GNRI, 握力, 修正ＴＵＧ | X73: 立ち上がりテスト | Z73: Barthel Index（BI） | AB73: MMSE | AD73: 定量的な下肢筋力測定, 10m歩行速度, SPPB、Functional Reach Test（FRT）, 5回椅子立ち上がりテスト, 認知機能, 修正ＴＵＧ | AF73: 決まっている | AG73: 術後１ＷＥＥＫ，退院日含めた３日間 | AI73: 下肢筋力強化, バランス練習, 歩行練習, 歩容改善, 起立、着座動作練習, 補助具、装具の適正化, 認知面への介入
A74: 46091.511 | B74: 櫻井 亮佑 | C74: 社会福祉法人 聖霊会 聖霊病院 | D74: 愛知県 | E74: reha@seirei-hospital.org | F74: リハビリテーション科 作業療法士 | G74: 337 | H74: 17 | I74: 7 | J74: 届け出はしていないが、現在検討中である | K74: 関節可動域運動, 筋力増強運動, DVT予防, リラクセーション, ポジショニング, 自主運動指導, 術後リハビリテーションのオリエンテーション, 離床（例：車椅子移乗,立位,歩行など） | L74: 全症例の0％〜24％程度 | N74: 全症例の0％〜24％程度 | P74: 全症例の0％〜24％程度 | R74: 全症例の0％〜24％程度 | T74: 握力, 歩行速度, TUG | V74: TUG, 認知機能, 握力 | X74: 実施していない | Y74: 高齢の方が多いため | Z74: FIM | AB74: MMSE, HDS-R, AMTS | AD74: TUG, 10m歩行速度, 認知機能 | AF74: 決まっている | AG74: 認知機能は術後4～6日。TUG、10m歩行は術後13～15日。 | AI74: 下肢筋力強化, バランス練習, 歩行練習, 歩容改善, 起立、着座動作練習, 環境調整, 補助具、装具の適正化, 認知面への介入, 行動面への介入, 教育、指導
A75: 46091.523 | B75: 外川 慎吾 | C75: 公立学校共済組合 関東中央病院 | D75: 東京都 | E75: togawa1228@woody.ocn.ne.jp | F75: リハビリテーション室／理学療法士 | G75: 57 | H75: 9 | I75: 0 | J75: 届け出をしておらず、検討もしていない | K75: 関節可動域運動, 筋力増強運動, DVT予防, ポジショニング, 自主運動指導, 術後リハビリテーションのオリエンテーション, 離床（例：車椅子移乗,立位,歩行など） | L75: 全症例の0％〜24％程度 | N75: 全症例の25％〜49％程度 | P75: 全症例の25％〜49％程度 | R75: 全症例の0％〜24％程度 | T75: 握力, 歩行速度 | V75: 認知機能, 握力 | X75: 立ち上がりテスト | Z75: Barthel Index（BI） | AB75: HDS-R | AD75: 認知機能, 過去の転倒歴, 既往疾患の有無（脳血管疾患、パーキンソン病など） | AF75: 決まっている | AG75: 過去の転倒歴、既往歴は術前に聴取、把握 認知機能は術後2週間で実施 | AI75: 下肢筋力強化, バランス練習, 歩行練習, 歩容改善, 補助具、装具の適正化, 認知面への介入
A76: 46091.573 | B76: 漣 佳記 | C76: 神戸掖済会病院 | D76: 兵庫県 | E76: kobeekisaireha@yahoo.co.jp | F76: リハビリテーション部 理学療法士 | G76: 221 | H76: 20 | I76: 0 | J76: 届け出はしていないが、現在検討中である | K76: 実施していない | L76: 全症例の25％〜49％程度 | N76: 全症例の25％〜49％程度 | P76: 全症例の25％〜49％程度 | R76: 全症例の25％〜49％程度 | T76: 握力, 膝伸展筋力, SPPB, TUG, 下腿周径 | V76: TUG, 認知機能, 握力 | X76: 実施していない | Z76: Barthel Index（BI） | AB76: MMSE | AD76: TUG, 認知機能, 既往疾患の有無（脳血管疾患、パーキンソン病など） | AF76: 決まっている | AG76: 術後７日目、14日目 | AI76: 下肢筋力強化, バランス練習, 歩行練習, 起立、着座動作練習, 補助具、装具の適正化
A77: 46091.575 | B77: 横地正伸 | C77: 竹田綜合病院 | D77: 福島県 | E77: kaname@takeda.or.jp | G77: 246 | H77: 12 | I77: 7 | J77: 届け出はしていないが、現在検討中である | K77: 関節可動域運動, 筋力増強運動, DVT予防, リラクセーション, ポジショニング, 自主運動指導, 術後リハビリテーションのオリエンテーション, 離床（例：車椅子移乗,立位,歩行など） | L77: 全症例の75％〜100％程度 | N77: 全症例の0％〜24％程度 | P77: 全症例の0％〜24％程度 | R77: 全症例の0％〜24％程度 | T77: 握力, 下腿周径 | V77: 握力 | X77: 立ち上がりテスト, 2ステップテスト | Z77: FIM | AB77: HDS-R | AD77: TUG, 10m歩行速度, Berg Balance Scale（BBS） | AF77: 決まっていない | AI77: 下肢筋力強化, バランス練習, 歩行練習, 歩容改善, 起立、着座動作練習, 環境調整, 補助具、装具の適正化, 認知面への介入, 行動面への介入, 教育、指導
A78: 46091.74 | B78: 中村章喜 | C78: 名鉄病院 | D78: 岐阜県 | E78: akiyochi0922@gmail.com | F78: リハビリテーション科 理学療法士 | G78: 92 | H78: 5 | I78: 6 | J78: 届け出をしておらず、検討もしていない | K78: 実施していない | L78: 全症例の25％〜49％程度 | N78: 全症例の25％〜49％程度 | P78: 全症例の0％〜24％程度 | R78: 全症例の0％〜24％程度 | T78: 5回椅子立ち上がりテスト, SPPB, TUG | V78: TUG, 握力, SPPB、歩行速度、FRT、立ち上がりテスト | X78: 立ち上がりテスト | Z78: Barthel Index（BI）, FIM | AB78: MMSE, HDS-R | AD78: 実施していない | AE78: 組織的活動を実施していない。存じあげなかった。 | AF78: わからない | AI78: 下肢筋力強化, バランス練習, 歩行練習
A79: 46091.772 | B79: 小寺 一寿 | C79: 社会医療法人 杏嶺会 一宮西病院 | D79: 愛知県 | E79: a-takahashi@anzu.or.jp | F79: リハビリテーション技術部/理学療法士 | G79: 410 | H79: 28 | I79: 3 | J79: 届け出はしているが、算定していない | K79: 関節可動域運動, 筋力増強運動, DVT予防, リラクセーション, ポジショニング, 自主運動指導, 術後リハビリテーションのオリエンテーション | L79: 全症例の25％〜49％程度 | N79: 全症例の0％〜24％程度 | P79: 全症例の0％〜24％程度 | R79: 全症例の0％〜24％程度 | T79: 握力, 下腿周径 | V79: 認知機能, 握力 | X79: 実施していない | Z79: Barthel Index（BI）, FIM | AB79: HDS-R, AMTS | AD79: 認知機能, 既往疾患の有無（脳血管疾患、パーキンソン病など） | AF79: 決まっていない | AI79: 下肢筋力強化, バランス練習, 歩行練習, 歩容改善, 起立、着座動作練習, 環境調整, 補助具、装具の適正化, 認知面への介入, 教育、指導
A80: 46091.968 | B80: 鈴木 悠太 | C80: 石巻市立病院 | D80: 宮城県 | E80: rehabili@ishinomaki-city-hospital.jp | F80: リハビリテーション科/理学療法士 | G80: 90 | H80: 9 | I80: 4 | J80: 届け出をしておらず、検討もしていない | K80: 関節可動域運動, 筋力増強運動, DVT予防, 自主運動指導, 術後リハビリテーションのオリエンテーション, 離床（例：車椅子移乗,立位,歩行など） | L80: 全症例の25％〜49％程度 | N80: 全症例の0％〜24％程度 | P80: 全症例の0％〜24％程度 | R80: 全症例の0％〜24％程度 | T80: 握力, 膝伸展筋力, 歩行速度, TUG, 6分間歩行距離, 開眼片脚立位時間 | V80: TUG, 6分間歩行距離, 認知機能, 握力 | X80: 実施していない | Y80: 特になし | Z80: Barthel Index（BI）, FIM | AB80: MMSE, HDS-R, AMTS | AD80: 定量的な下肢筋力測定, 開眼片脚立位時間, TUG, 10m歩行速度, Berg Balance Scale（BBS）, SPPB、Functional Reach Test（FRT）, 深部感覚評価, 認知機能, 転倒恐怖感, 過去の転倒歴, 既往疾患の有無（脳血管疾患、パーキンソン病など）, 薬剤（向精神薬、降圧薬、利尿薬、ポリファーマシーなど）, ベッド周囲および病室環境 | AF80: 決まっていない | AH80: 特になし | AI80: 下肢筋力強化, バランス練習, 歩行練習, 歩容改善, 起立、着座動作練習, 環境調整, 補助具、装具の適正化, 薬剤調整, 教育、指導
A81: 46092.462 | B81: 石井 光治 | C81: 静岡済生会総合病院 | D81: 静岡県 | E81: iryohisho@siz.saiseikai.or.jp | F81: リハビリテーション科／理学療法士 | G81: 233 | H81: 29 | I81: 11 | J81: 現在、算定している | K81: DVT予防, ポジショニング, 自主運動指導, 術後リハビリテーションのオリエンテーション, 全身状態評価 | L81: 全症例の75％〜100％程度 | M81: 現在統一した対策はとっていない。まずは、クリニカルパスのアウトカム項目を変更し、術翌日立位ができなかった原因のより正確な情報をとれるような体制を整備しているところである。今後、その情報をもとにクリニカルパスなどを活用して疼痛コントロールをはかり術翌日の離床の促進をはかっていきたいと考えている。 | N81: 全症例の0％〜24％程度 | P81: 全症例の0％〜24％程度 | R81: 全症例の0％〜24％程度 | T81: 握力, 膝伸展筋力 | V81: 認知機能, 握力 | X81: 実施していない | Y81: 術後当院入院期間中では、パフォーマンステストが実施困難な機能・ADLの方がほとんどである | Z81: Barthel Index（BI） | AB81: MMSE, HDS-R | AD81: 実施していない | AE81: 各担当療法士が患者の状態やADLに合わせて適宜転倒リスク評価を行っていました。 | AI81: 下肢筋力強化, バランス練習, 歩行練習, 歩容改善, 起立、着座動作練習, 環境調整, 補助具、装具の適正化
A82: 46092.503 | B82: 江崎 千織 | C82: 独立行政法人労働者健康安全機構 香川労災病院 | D82: 香川県 | E82: reha@kagawah.johas.go.jp | F82: 森本 勝哉 | G82: 86 | H82: 3 | I82: 0 | J82: 届け出はしていないが、現在検討中である | K82: 関節可動域運動, 筋力増強運動, 呼吸リハビリテーション, DVT予防, リラクセーション, ポジショニング, 自主運動指導, 術後リハビリテーションのオリエンテーション, 離床（例：車椅子移乗,立位,歩行など） | L82: 全症例の50％〜74％程度 | M82: 内服調整、リハビリ時間調整、愛護的ROM-ex、アイシング | N82: 全症例の25％〜49％程度 | P82: 全症例の25％〜49％程度 | R82: 全症例の0％〜24％程度 | T82: 握力, 膝伸展筋力, 歩行速度, TUG, 開眼片脚立位時間, 下腿周径 | V82: TUG, 認知機能, 握力 | X82: 立ち上がりテスト, 2ステップテスト, ロコモ25（質問票） | Z82: Barthel Index（BI） | AB82: AMTS | AD82: 開眼片脚立位時間, Berg Balance Scale（BBS）, 深部感覚評価, 認知機能, 過去の転倒歴, 既往疾患の有無（脳血管疾患、パーキンソン病など）, ベッド周囲および病室環境 | AF82: 決まっていない | AH82: 術後せん妄等あり、患者一人一人に応じて実施。できるだけ長期評価を心がけている。 | AI82: 下肢筋力強化, バランス練習, 歩行練習, 歩容改善, 起立、着座動作練習, 環境調整, 補助具、装具の適正化, 認知面への介入, 教育、指導
A83: 46092.562 | B83: 三木 哲郎 | C83: 医療法人住友別子病院 | D83: 愛媛県 | E83: tetsuro_miki@ni.sbh.gr.jp | F83: リハビリテーション部 | G83: 211 | H83: 27 | I83: 13 | J83: 届け出をしておらず、検討もしていない | K83: 関節可動域運動, 筋力増強運動, DVT予防, ポジショニング | L83: 全症例の75％〜100％程度 | M83: 痛みが少なくなるような動作指導・介助方法の実施 | N83: 全症例の0％〜24％程度 | P83: 全症例の0％〜24％程度 | R83: 全症例の0％〜24％程度 | T83: 握力, 膝伸展筋力, 5回椅子立ち上がりテスト, 歩行速度, TUG, 6分間歩行距離, 開眼片脚立位時間, 骨格筋量指数（SMI） | V83: TUG, 6分間歩行距離, 握力 | X83: 立ち上がりテスト, 2ステップテスト, ロコモ25（質問票） | Z83: Barthel Index（BI）, FIM | AB83: MMSE, HDS-R, CBA | AD83: 定量的な下肢筋力測定, 開眼片脚立位時間, TUG, 10m歩行速度, 5回椅子立ち上がりテスト, 過去の転倒歴, 既往疾患の有無（脳血管疾患、パーキンソン病など）, 薬剤（向精神薬、降圧薬、利尿薬、ポリファーマシーなど）, ベッド周囲および病室環境 | AF83: 決まっていない | AH83: 荷重制限・患者の歩行獲得時期の差のため | AI83: 下肢筋力強化, バランス練習, 歩行練習, 歩容改善, 起立、着座動作練習, 環境調整, 補助具、装具の適正化, 認知面への介入, 教育、指導
A84: 46092.617 | B84: 井川晃一 | C84: 社会医療法人 石川記念会 HITO病院 | D84: 愛媛県 | E84: ikawa.kouichi@hito-medical.net | F84: 理学療法士 | G84: 119 | H84: 25 | I84: 17 | J84: 現在、算定している | K84: 関節可動域運動, 筋力増強運動, 呼吸リハビリテーション, DVT予防, ポジショニング, 自主運動指導, 離床（例：車椅子移乗,立位,歩行など） | L84: 全症例の0％〜24％程度 | N84: 全症例の0％〜24％程度 | P84: 全症例の0％〜24％程度 | R84: 全症例の0％〜24％程度 | T84: 実施していない | U84: 実施いている項目はあるが、サルコペ二アの評価を目的としては行っていない。何故していないか、理由としては無いです。見直し予定ではあります。 | V84: 実施していない | W84: 実施いている項目はあるが、フレイルの評価を目的としては行っていない。何故していないか、理由としては無いです。見直し予定ではあります。 | X84: 実施していない | Y84: 健康教室などでは行っているが、入院患者に実施していない。特に理由はない。 | Z84: Barthel Index（BI）, FIM | AB84: HDS-R | AD84: 定量的な下肢筋力測定, 10m歩行速度, 5回椅子立ち上がりテスト | AF84: 決まっている | AG84: 1週間毎 退院時 | AI84: 下肢筋力強化, バランス練習, 歩行練習, 起立、着座動作練習, 環境調整, 認知面への介入, 薬剤調整, 教育、指導
A85: 46092.744 | B85: 理学療法士 篠原晶子 | C85: 重工記念長崎病院 | D85: 長崎県 | E85: akiko_shinohara@jmnh.or.jp | F85: リハビリテーション科 | G85: 65 | H85: 18 | I85: 6 | J85: 届け出をしておらず、検討もしていない | K85: 関節可動域運動, 筋力増強運動, DVT予防, リラクセーション, ポジショニング, 自主運動指導, 術後リハビリテーションのオリエンテーション, 離床（例：車椅子移乗,立位,歩行など） | L85: 全症例の25％〜49％程度 | N85: 全症例の25％〜49％程度 | P85: 全症例の0％〜24％程度 | R85: 全症例の0％〜24％程度 | T85: 握力, 5回椅子立ち上がりテスト, 歩行速度, 6分間歩行距離, 開眼片脚立位時間, 下腿周径, SARC-F | V85: 握力 | X85: 立ち上がりテスト | Z85: FIM | AB85: MMSE, HDS-R | AD85: 定量的な下肢筋力測定, 開眼片脚立位時間, 10m歩行速度, 5回椅子立ち上がりテスト | AF85: 決まっている | AG85: １週間以内 | AI85: 下肢筋力強化, バランス練習, 歩行練習, 歩容改善, 起立、着座動作練習, 環境調整, 補助具、装具の適正化, 認知面への介入, 行動面への介入, 薬剤調整, 教育、指導
A86: 46093.363 | B86: 清水 幸平 | C86: 独立行政法人山梨県立病院機構山梨県立中央病院 | D86: 山梨県 | E86: ariura-ggdpi@ych.pref.yamanashi.jp | F86: リハビリテーションセンター 理学療法学科 理学療法士 | G86: 130 | H86: 15 | I86: 3 | J86: 届け出をしておらず、検討もしていない | K86: 関節可動域運動, 筋力増強運動, DVT予防, リラクセーション, ポジショニング, 自主運動指導, 術後リハビリテーションのオリエンテーション, 離床（例：車椅子移乗,立位,歩行など） | L86: 全症例の25％〜49％程度 | N86: 全症例の0％〜24％程度 | P86: 全症例の0％〜24％程度 | R86: 全症例の0％〜24％程度 | T86: 実施していない | U86: 理学療法士または作業療法士がサルコペニアの評価を目的に評価は実施していない | V86: 認知機能, 握力 | X86: 実施していない, | Y86: 理学療法士または作業療法士がロコモティブシンドロームの評価を目的に評価は実施していない | Z86: Barthel Index（BI）, FIM | AB86: MMSE, HDS-R | AD86: Berg Balance Scale（BBS）, SPPB、Functional Reach Test（FRT）, 5回椅子立ち上がりテスト, 認知機能, 注意障害, 遂行機能, せん妄, 転倒恐怖感, 過去の転倒歴, ベッド周囲および病室環境 | AF86: 決まっていない | AH86: なるべく初回介入時に評価をしているが、明確にいつ評価を行うかは決まっていない | AI86: 下肢筋力強化, バランス練習, 歩行練習, 歩容改善, 起立、着座動作練習, 環境調整, 補助具、装具の適正化, 認知面への介入, 実施していない
A87: 46093.391 | B87: 喜古 理道 | C87: 公益財団法人 湯浅報恩会 寿泉堂綜合病院 | D87: 福島県 | E87: rehabili@jusendo.or.jp | F87: リハビリテーション科／理学療法士 | G87: 136 | H87: 13 | I87: 8 | J87: 現在、算定している | K87: 関節可動域運動, 筋力増強運動, 呼吸リハビリテーション, DVT予防, リラクセーション, ポジショニング, 自主運動指導, 術後リハビリテーションのオリエンテーション, 離床（例：車椅子移乗,立位,歩行など） | L87: 全症例の0％〜24％程度 | N87: 全症例の0％〜24％程度 | P87: 全症例の0％〜24％程度 | R87: 全症例の0％〜24％程度 | T87: 握力, 5回椅子立ち上がりテスト, 歩行速度, TUG, 開眼片脚立位時間 | V87: J-CHS基準, TUG, 認知機能, 握力 | X87: 実施していない | Z87: Barthel Index（BI）, FIM | AB87: MMSE, HDS-R | AD87: 開眼片脚立位時間, TUG, 10m歩行速度, 認知機能, 過去の転倒歴, 既往疾患の有無（脳血管疾患、パーキンソン病など）, 薬剤（向精神薬、降圧薬、利尿薬、ポリファーマシーなど）, ベッド周囲および病室環境 | AF87: 決まっていない | AI87: 下肢筋力強化, バランス練習, 歩行練習, 歩容改善, 起立、着座動作練習, 環境調整, 補助具、装具の適正化, 認知面への介入, 行動面への介入, 薬剤調整, 教育、指導
A88: 46093.499 | B88: 原田翔平 | C88: 上尾中央総合病院 | D88: 埼玉県 | E88: harada.s@ach.or.jp | F88: リハビリテーション技術科/理学療法士 | G88: 236 | H88: 23 | I88: 10 | J88: 届け出をしておらず、検討もしていない | K88: 関節可動域運動, 筋力増強運動, リラクセーション, 術後リハビリテーションのオリエンテーション, 離床（例：車椅子移乗,立位,歩行など） | L88: 全症例の25％〜49％程度 | N88: 全症例の25％〜49％程度 | P88: 全症例の0％〜24％程度 | R88: 全症例の0％〜24％程度 | T88: 歩行速度, 開眼片脚立位時間 | V88: 認知機能 | X88: 実施していない | Z88: Barthel Index（BI） | AB88: MMSE | AD88: 開眼片脚立位時間, 10m歩行速度, Berg Balance Scale（BBS）, 認知機能, せん妄, 既往疾患の有無（脳血管疾患、パーキンソン病など） | AF88: 決まっている | AG88: 7日目 | AI88: 下肢筋力強化, バランス練習, 歩行練習, 起立、着座動作練習, 環境調整, 補助具、装具の適正化, 認知面への介入, 教育、指導
A89: 46093.51 | B89: 小泉康之 | C89: いわき市医療センター | D89: 福島県 | E89: bnjbr577@yahoo.co.jp | G89: 280 | H89: 11 | I89: 4 | J89: 届け出をしておらず、検討もしていない | K89: 関節可動域運動, 筋力増強運動, DVT予防, リラクセーション, 離床（例：車椅子移乗,立位,歩行など） | L89: 全症例の50％〜74％程度 | M89: リラクゼーションや愛護的なROMを行い、疼痛を緩和させながら行う。 | N89: 全症例の25％〜49％程度 | P89: 全症例の0％〜24％程度 | R89: 全症例の0％〜24％程度 | T89: SPPB | V89: 認知機能 | X89: 実施していない | Y89: SPPBとある程度の相関性があると考えており、また急性期の患者様には適していないと考えているので。 | Z89: Barthel Index（BI） | AB89: HDS-R | AD89: SPPB、Functional Reach Test（FRT）, 認知機能 | AF89: 決まっている | AG89: 退院時、転院時、外来時 | AI89: 下肢筋力強化, バランス練習, 起立、着座動作練習, 教育、指導
A90: 46093.526 | B90: 稲垣隼人 | C90: 市立伊勢総合病院 | D90: 三重県 | E90: reha-pt@hospital.ise.mie.jp | F90: リハビリテーション室/理学療法士 | G90: 169 | H90: 20 | I90: 4 | J90: 届け出をしておらず、検討もしていない | K90: 関節可動域運動, 筋力増強運動, 自主運動指導 | L90: 全症例の50％〜74％程度 | M90: 病棟Nrsへの自主トレーニング・離床の協力依頼 | N90: 全症例の25％〜49％程度 | P90: 全症例の0％〜24％程度 | R90: 全症例の0％〜24％程度 | T90: 握力, 膝伸展筋力, 歩行速度, TUG, 下腿周径, GNRI | V90: TUG, 認知機能, GNRI, 握力 | X90: 実施していない | Y90: 特になし | Z90: Barthel Index（BI）, FIM | AB90: MMSE, MoCA | AD90: TUG, 10m歩行速度, SPPB、Functional Reach Test（FRT）, 認知機能, せん妄, 過去の転倒歴, 既往疾患の有無（脳血管疾患、パーキンソン病など）, 薬剤（向精神薬、降圧薬、利尿薬、ポリファーマシーなど）, ベッド周囲および病室環境 | AF90: 決まっている | AG90: 翌日 | AI90: 下肢筋力強化, バランス練習, 歩行練習, 起立、着座動作練習, 環境調整, 補助具、装具の適正化, 教育、指導
A91: 46093.578 | B91: 久保田 洋介 | C91: みなと医療生活協同組合 協立総合病院 | D91: 愛知県 | E91: kyouritu.riha@gmail.com | F91: リハビリテーション室/理学療法士 | G91: 314 | H91: 12 | I91: 0 | J91: 届け出をしておらず、検討もしていない | K91: 関節可動域運動, 筋力増強運動, 呼吸リハビリテーション, DVT予防, リラクセーション, ポジショニング, 自主運動指導, 術後リハビリテーションのオリエンテーション, 離床（例：車椅子移乗,立位,歩行など） | L91: 全症例の0％〜24％程度 | N91: 全症例の0％〜24％程度 | P91: 全症例の0％〜24％程度 | R91: 全症例の0％〜24％程度 | T91: 握力, 膝伸展筋力, 5回椅子立ち上がりテスト, 歩行速度, SPPB, TUG, 6分間歩行距離 | V91: 6分間歩行距離, 認知機能, 握力 | X91: SPPB、握力など | Z91: Barthel Index（BI）, FIM | AB91: MMSE, HDS-R | AD91: 実施していない | AE91: 「施設内で定められている」ではなく、患者の状況により判断している | AI91: 下肢筋力強化, バランス練習, 歩行練習, 歩容改善, 起立、着座動作練習, 環境調整, 補助具、装具の適正化, 認知面への介入, 行動面への介入, 薬剤調整, 教育、指導
A92: 46093.694 | B92: 山下 咲子 | C92: 医療法人 平成会 サンライズ酒井病院 | D92: 大分県 | E92: sakai.reha@gmail.com | F92: リハビリテーション部/理学療法士 | G92: 75 | H92: 14 | I92: 4 | J92: 届け出はしていないが、現在検討中である | K92: 関節可動域運動, 筋力増強運動, 呼吸リハビリテーション, DVT予防, ポジショニング, 自主運動指導, 術後リハビリテーションのオリエンテーション | L92: 全症例の0％〜24％程度 | N92: 全症例の0％〜24％程度 | P92: 全症例の0％〜24％程度 | R92: 全症例の0％〜24％程度 | T92: 握力, 歩行速度, TUG, 開眼片脚立位時間, 下腿周径 | V92: TUG, 認知機能, 握力 | X92: ロコチェック（7項目）、SIDE、握力、5m歩行速度、Fall Risk Index | Z92: FIM | AB92: HDS-R | AD92: 開眼片脚立位時間, TUG, 10m歩行速度, 認知機能, 過去の転倒歴, 既往疾患の有無（脳血管疾患、パーキンソン病など）, ベッド周囲および病室環境, Fall Risk Index | AF92: 決まっている | AG92: 術後1週間以内を目処に各自で取り組んでいる。術前に可能な評価は術前に実施。評価結果はカンファレンスで報告し、多職種と情報共有を行っている。 | AI92: 下肢筋力強化, バランス練習, 歩行練習, 歩容改善, 起立、着座動作練習, 環境調整, 補助具、装具の適正化, 認知面への介入, 行動面への介入, 教育、指導
A93: 46093.72 | B93: 谷口聖矢 | C93: 社会医療法人 恒心会 恒心会おぐら病院 | D93: 鹿児島県 | E93: seiya.therapist@gmail.com | F93: リハビリテーション科 理学療法士 | G93: 259 | H93: 52 | I93: 19 | J93: 現在、算定している | K93: 呼吸リハビリテーション, DVT予防, ポジショニング | L93: 全症例の50％〜74％程度 | M93: リハビリテーションによる早期離床とベッド上の運動よりも移乗動作訓練やトイレ動作訓練等のADL訓練を多く取り入れています。 | N93: 全症例の25％〜49％程度 | P93: 全症例の0％〜24％程度 | R93: 全症例の0％〜24％程度 | T93: 握力, 5回椅子立ち上がりテスト, 歩行速度, SPPB, TUG, 6分間歩行距離, 骨格筋量指数（SMI）, 下腿周径, SARC-F | V93: TUG, 6分間歩行距離, 認知機能, 握力 | X93: 立ち上がりテスト, 2ステップテスト | Z93: Barthel Index（BI）, FIM | AB93: MMSE, HDS-R, AMTS | AD93: TUG, 10m歩行速度, SPPB、Functional Reach Test（FRT）, 5回椅子立ち上がりテスト, 認知機能, 転倒恐怖感, 既往疾患の有無（脳血管疾患、パーキンソン病など）, Fall Risk Index | AF93: 決まっている | AG93: 質問表による評価は術前に実施、その他の動的な評価は術後1週、2週、4週、退院前に実施しています。 | AI93: 下肢筋力強化, バランス練習, 歩行練習, 歩容改善, 起立、着座動作練習, 環境調整, 補助具、装具の適正化, 認知面への介入, 教育、指導
A94: 46093.733 | B94: 佐藤海渡 | C94: 彩の国東大宮メディカルセンター | D94: 埼玉県 | E94: kaito.sato@shmc.jp | F94: リハビリテーション科 理学療法士 | G94: 213 | H94: 12 | I94: 3 | J94: 届け出はしていないが、現在検討中である | K94: 関節可動域運動, 筋力増強運動, DVT予防, 自主運動指導, 術後リハビリテーションのオリエンテーション | L94: 全症例の0％〜24％程度 | N94: 全症例の0％〜24％程度 | P94: 全症例の0％〜24％程度 | R94: 全症例の0％〜24％程度 | T94: 下腿周径 | V94: 認知機能 | X94: 実施していない | Y94: やるきっかけがない | Z94: Barthel Index（BI）, FIM | AB94: AMTS | AD94: 認知機能 | AF94: 決まっている | AG94: 術前から術後2日目の間 | AI94: 下肢筋力強化, バランス練習, 歩行練習, 歩容改善, 起立、着座動作練習, 環境調整, 認知面への介入, 行動面への介入, 教育、指導
A95: 46093.734 | B95: 嶋田 明永 | C95: 大分市医師会立アルメイダ病院 | D95: 大分県 | E95: rihabiri@almeida.oita.med.or.jp | F95: リハビリテーション部/作業療法士 | G95: 135 | H95: 12 | I95: 5 | J95: 届け出をしておらず、検討もしていない | K95: 実施していない | L95: 全症例の25％〜49％程度 | N95: 全症例の25％〜49％程度 | P95: 全症例の0％〜24％程度 | R95: 全症例の0％〜24％程度 | T95: 実施していない | V95: 実施していない | X95: 実施していない | Z95: Barthel Index（BI） | AB95: HDS-R | AD95: TUG, SPPB、Functional Reach Test（FRT）, 5回椅子立ち上がりテスト, 認知機能 | AF95: 決まっている | AG95: 14日目 | AI95: 下肢筋力強化, バランス練習, 歩行練習, 歩容改善, 起立、着座動作練習, 教育、指導
A96: 46093.74 | B96: 高橋 伴弥 | C96: 医療法人 橋本病院 | D96: 和歌山県 | E96: taka.do.it.0618@gmail.com | F96: リハビリテーション科/理学療法士 | G96: 80 | H96: 12 | I96: 4 | J96: 届け出をしておらず、検討もしていない | K96: 実施していない | L96: 全症例の25％〜49％程度 | N96: 全症例の0％〜24％程度 | P96: 全症例の0％〜24％程度 | R96: 全症例の0％〜24％程度 | T96: 下腿周径 | V96: GNRI | X96: 実施していない | Y96: 決まりがない為 | Z96: FIM | AB96: 実施していない | AC96: 決まりがない為 | AD96: 実施していない | AE96: 特に決まりがない為 | AF96: 決まっていない | AI96: 環境調整
A97: 46093.753 | B97: 上田 | C97: 市立福知山市民病院 | D97: 京都府 | E97: ijika@fukuchiyama-hosp.jp | F97: 理学療法士 | G97: 129 | H97: 18 | I97: 0 | J97: 届け出はしていないが、現在検討中である | K97: 関節可動域運動, 筋力増強運動, 呼吸リハビリテーション, ポジショニング, 自主運動指導, 術後リハビリテーションのオリエンテーション | L97: 全症例の75％〜100％程度 | M97: 疼痛軽減のためのアイシングやマッサージ、リラクセーション、可動域運動の実施 | N97: 全症例の25％〜49％程度 | P97: 全症例の0％〜24％程度 | R97: 全症例の0％〜24％程度 | T97: 握力, 5回椅子立ち上がりテスト, SPPB, TUG, 6分間歩行距離 | V97: TUG, 6分間歩行距離, 握力 | X97: 実施していない | Z97: Barthel Index（BI）, FIM | AB97: MMSE | AD97: 定量的な下肢筋力測定, 既往疾患の有無（脳血管疾患、パーキンソン病など）, ベッド周囲および病室環境 | AF97: 決まっている | AG97: １週間以内 | AI97: 下肢筋力強化, バランス練習, 歩行練習, 歩容改善, 起立、着座動作練習, 環境調整, 補助具、装具の適正化, 認知面への介入, 行動面への介入, 教育、指導
A98: 46093.858 | B98: 伊藤慎也 | C98: 小牧市民病院 | D98: 愛知県 | E98: itos.1110@gmail.com | F98: リハビリテーション科/理学療法士 | G98: 233 | H98: 14 | I98: 0 | J98: 届け出をしておらず、検討もしていない | K98: 手術待機期間が長い場合、廃用予防リハビリ | L98: 全症例の25％〜49％程度 | N98: 全症例の25％〜49％程度 | P98: 全症例の0％〜24％程度 | R98: 全症例の25％〜49％程度 | T98: 歩行速度, 下腿周径 | V98: 実施していない | X98: 実施していない | Z98: Barthel Index（BI） | AB98: MMSE | AD98: 下肢荷重検査 | AF98: 決まっている | AG98: 歩行開始期から毎日 | AI98: 下肢筋力強化, バランス練習, 歩行練習, 歩容改善, 環境調整, 補助具、装具の適正化, 教育、指導
A99: 46094.407 | B99: 亀山 拓良 | C99: 富山市民病院 | D99: 富山県 | E99: takukumi0126@yahoo.co.jp | F99: リハビリテーション科／理学療法士 | G99: 230 | H99: 6 | I99: 2 | J99: 届け出をしておらず、検討もしていない | K99: 関節可動域運動, 筋力増強運動, DVT予防, ポジショニング, 自主運動指導, 術後リハビリテーションのオリエンテーション, 離床（例：車椅子移乗,立位,歩行など） | L99: 全症例の50％〜74％程度 | M99: 術後1日目からの車椅子移乗 立位練習 | N99: 全症例の0％〜24％程度 | P99: 全症例の0％〜24％程度 | R99: 全症例の0％〜24％程度 | T99: 握力, 歩行速度, SPPB | V99: 握力 | X99: 立ち上がりテスト | Z99: Barthel Index（BI） | AB99: 実施していない | AD99: SPPB、Functional Reach Test（FRT）, 5回椅子立ち上がりテスト, せん妄, 過去の転倒歴 | AF99: 決まっている | AG99: 3ヶ月、6ヶ月、1年の再診時 | AI99: 下肢筋力強化, バランス練習, 歩行練習, 歩容改善, 起立、着座動作練習
A100: 46094.412 | B100: 中村亮一 | C100: シムラ病院 | D100: 広島県 | E100: rehabilitation@shimura.or.jp | F100: リハビリテーション科/理学療法士 | G100: 399 | H100: 7 | I100: 6 | J100: 現在、算定している | K100: 筋力増強運動, DVT予防, ポジショニング, 自主運動指導, 術後リハビリテーションのオリエンテーション | L100: 全症例の0％〜24％程度 | N100: 全症例の25％〜49％程度 | P100: 全症例の25％〜49％程度 | R100: 全症例の0％〜24％程度 | T100: 握力, 歩行速度, TUG, 下腿周径 | V100: 認知機能 | X100: ロコモ25（質問票） | Z100: Barthel Index（BI）, FIM | AB100: MMSE, HDS-R | AD100: 認知機能 | AF100: 決まっていない | AI100: 下肢筋力強化, バランス練習, 歩行練習, 認知面への介入, 教育、指導
...

Sheet サマリ作成用
A1: タイムスタンプ | B1: 回答代表者ご氏名 | C1: ご所属施設名 | D1: ご施設の都道府県 | E1: 貴院の理学療法士・作業療法士の代表者メールアドレス | F1: ご所属部署名・職種（任意） | G1: Q1. 2025年1月～12月における大腿骨近位部骨折の症例数を教えてください。（※保存加療症例を含む） | H1: Q2. 2025年1月～12月の期間において、大腿骨近位部骨折を担当した理学療法士（PT）の在籍人数を教えてください。 | I1: Q3. 2025年1月～12月の期間において、大腿骨近位部骨折を担当した作業療法士（OT）の在籍人数を教えてください。 | J1: Q4. 整形外科病棟における「リハビリテーション・栄養・口腔連携体制加算」の算定状況について、令和8年度診療報酬改定の発表前の時点でお答えください。【単一選択】 | K1: Q5. 手術前リハビリテーションで理学療法士または作業療法士が実施している内容を教えてください。【複数選択可】 | L1: Q6. 身体機能（疼痛、筋力低下など）が原因による制限 【4段階評価】 | M1: Q6-1. 「50％〜74％」「75％〜100％」を選択した方にお尋ねします。 →立位が可能になるために貴施設で取り組んでいる対応策を教えてください。【自由記述】 | N1: Q7. 精神・認知機能（認知機能低下、せん妄など）が原因による制限 【4段階評価】 | O1: Q7-1. 「50％〜74％」「75％〜100％」を選択した方にお尋ねします。 →立位が可能になるために貴施設で取り組んでいる対応策を教えてください。【自由記述】 | P1: Q8. 全身状態（呼吸・循環障害、貧血、電解質異常など）が原因による制限 【4段階評価】 | Q1: Q8-1. 「50％〜74％」「75％〜100％」を選択した方にお尋ねします。 →立位が可能になるために貴施設で取り組んでいる対応策を教えてください。【自由記述】 | R1: Q9. 環境的要因（ベッド配置、病室環境、動線などが起因するもの）が原因による制限 【4段階評価】 | S1: Q9-1. 「50％〜74％」「75％〜100％」を選択した方にお尋ねします。 →立位が可能になるために貴施設で取り組んでいる対応策を教えてください。【自由記述】 | T1: Q10． サルコペニアの評価として理学療法士または作業療法士が実施している評価項目を教えてください。 【複数選択可】 | U1: Q10-1 ※「実施していない」を選択した方におたずねします。 → 実施していない理由を教えてください。【自由記述】 | V1: Q11． フレイルの評価として理学療法士または作業療法士が実施している評価項目を教えてください。 【複数選択可】 | W1: Q11-1 ※「実施していない」を選択した方におたずねします。 → 実施していない理由を教えてください。【自由記述】 | X1: Q12． ロコモティブシンドロームの評価として理学療法士または作業療法士が実施している評価項目を教えてください。 【複数選択可】 | Y1: Q12-1 ※「実施していない」を選択した方におたずねします。 → 実施していない理由を教えてください。【自由記述】 | Z1: Q13． ADLの評価として理学療法士または作業療法士が実施している評価項目を教えてください。 【複数選択可】 | AA1: Q13-1 ※「実施していない」を選択した方におたずねします。 → 実施していない理由を教えてください。【自由記述】 | AB1: Q14． 認知機能の評価として理学,作業療法士または言語聴覚士が実施している評価項目を教えてください。 【複数選択可】 | AC1: Q14-1 ※「実施していない」を選択した方におたずねします。 → 実施していない理由を教えてください。【自由記述】 | AD1: Q15． 貴施設のFLS活動の一環として、理学療法士または作業療法士が実施することが施設内で定められている転倒リスク評価項目があれば教えてください。 【複数選択可】 | AE1: Q15-1 ※「実施していない」を選択した方におたずねします。 → 実施していない理由を教えてください。【自由記述】 | AF1: Q15-2 ※「実施している」方におたずねします。 → 評価を実施する時期（術後何日目など）は貴施設のFLS活動として決められていますか。【単一選択】 | AG1: Q15-2-1 ※「決まっている」を選択した方におたずねします。 術後何日目に実施することが決められているか教えてください。【自由記述】 | AH1: Q15-2-2 ※「決まっていない」を選択した方におたずねします。 → 決まっていない理由を教えてください。【自由記述】 | AI1: Q16． 理学療法士または作業療法士が実施している転倒予防策について教えてください。 【複数選択可】 | AJ1: Q16-1 ※「実施していない」を選択した方におたずねします。 → 実施していない理由を教えてください。【自由記述】
A2: 46066.423 | B2: 高野義隆 | C2: 新潟リハビリテーション病院 | D2: 新潟県 | E2: yoshitaka.takano@aiko.or.jp | F2: リハビリテーション部/理学療法士 | G2: 160 | H2: 28 | I2: 18 | J2: 届け出をしておらず、検討もしていない | K2: 関節可動域運動, 筋力増強運動, ポジショニング | L2: 全症例の25％〜49％程度 | N2: 全症例の25％〜49％程度 | P2: 全症例の25％〜49％程度 | R2: 全症例の0％〜24％程度 | T2: 握力, 5回椅子立ち上がりテスト, 歩行速度, SPPB, TUG, 6分間歩行距離 | V2: TUG, 6分間歩行距離, 認知機能 | X2: 実施していない | Y2: 適応となる患者が少ない | Z2: FIM | AB2: MMSE, AMTS | AD2: TUG, SPPB、Functional Reach Test（FRT）, 5回椅子立ち上がりテスト, 認知機能, せん妄, 過去の転倒歴, 既往疾患の有無（脳血管疾患、パーキンソン病など）, 薬剤（向精神薬、降圧薬、利尿薬、ポリファーマシーなど）, ベッド周囲および病室環境 | AF2: 決まっている | AG2: １４日目 | AI2: 下肢筋力強化, バランス練習, 歩行練習, 起立、着座動作練習, 環境調整, 補助具、装具の適正化, 認知面への介入, 教育、指導
A3: 46068.9 | B3: 田中暢一 | C3: ベルランド総合病院 | D3: 大阪府 | E3: goddess.arisa.showmaking@gmail.com | F3: 理学療法室/理学療法士 | G3: 290 | H3: 18 | I3: 8 | J3: 届け出をしておらず、検討もしていない | K3: 関節可動域運動, 筋力増強運動, DVT予防, リラクセーション, ポジショニング, 自主運動指導, 術後リハビリテーションのオリエンテーション | L3: 全症例の0％〜24％程度 | N3: 全症例の0％〜24％程度 | P3: 全症例の0％〜24％程度 | R3: 全症例の0％〜24％程度 | T3: 握力, 開眼片脚立位時間, 下腿周径 | V3: 握力 | X3: ロコモ25（質問票） | Z3: Barthel Index（BI）, FIM | AB3: MMSE, HDS-R | AD3: 開眼片脚立位時間, 認知機能, 過去の転倒歴, SIDE | AF3: 決まっている | AG3: 7日目 | AI3: 下肢筋力強化, バランス練習, 歩行練習, 起立、着座動作練習, 環境調整, 補助具、装具の適正化, 認知面への介入, 教育、指導
A4: 46069.04 | B4: 丸貴仁 | C4: 所沢白翔会病院 | D4: 埼玉県 | E4: t.maru@hakusyoukai.com | F4: リハビリテーション科、事務部／理学療法士 | G4: 60 | H4: 13 | I4: 6 | J4: 届け出はしていないが、現在検討中である | K4: 関節可動域運動, 筋力増強運動, DVT予防, リラクセーション, ポジショニング, 自主運動指導, 術後リハビリテーションのオリエンテーション | L4: 全症例の75％〜100％程度 | M4: 術前リハビリ（受傷前ADL確認含め）、医師等との情報交換 | N4: 全症例の0％〜24％程度 | P4: 全症例の0％〜24％程度 | R4: 全症例の0％〜24％程度 | T4: 握力, 5回椅子立ち上がりテスト, 歩行速度, TUG, 開眼片脚立位時間, 骨格筋量指数（SMI） | V4: Kihon Checklist（基本チェックリスト）, TUG, 認知機能, 抑うつや意欲低下 | X4: 立ち上がりテスト | Z4: Barthel Index（BI）, FIM | AB4: MMSE, AMTS | AD4: 定量的な下肢筋力測定, 開眼片脚立位時間, TUG, 10m歩行速度, 深部感覚評価, 認知機能, 過去の転倒歴, 既往疾患の有無（脳血管疾患、パーキンソン病など）, 薬剤（向精神薬、降圧薬、利尿薬、ポリファーマシーなど）, ベッド周囲および病室環境 | AF4: 決まっている | AG4: 可能となった日 | AI4: 下肢筋力強化, バランス練習, 歩行練習, 歩容改善, 起立、着座動作練習, 環境調整, 補助具、装具の適正化, 認知面への介入, 薬剤調整, 教育、指導
A5: 46069.136 | B5: 吉井智晴 | C5: 東京医療病院 | D5: 東京都 | E5: c-yoshii@u-ths.ac.jp | F5: リハビリテーション学科 理学療法士 | G5: 100 | H5: 15 | I5: 6 | J5: 現在、算定している | K5: 筋力増強運動, 術後リハビリテーションのオリエンテーション | L5: 全症例の25％〜49％程度 | N5: 全症例の50％〜74％程度 | P5: 全症例の25％〜49％程度 | R5: 全症例の25％〜49％程度 | T5: 握力, 膝伸展筋力 | V5: J-CHS基準, Kihon Checklist（基本チェックリスト） | X5: ロコモ25（質問票） | Z5: Barthel Index（BI） | AB5: HDS-R | AD5: 10m歩行速度 | AF5: 決まっている | AI5: 下肢筋力強化, バランス練習
A6: 46069.461 | B6: 渡邊啓太 | C6: 国家公務員共済組合連合会呉共済病院 | D6: 広島県 | E6: tabe19891204@gmail.com | F6: リハビリテーション科／理学療法士 | G6: 168 | H6: 6 | I6: 8 | J6: 届け出をしておらず、検討もしていない | K6: 関節可動域運動, 筋力増強運動, DVT予防, ポジショニング, 自主運動指導, 術後リハビリテーションのオリエンテーション | L6: 全症例の25％〜49％程度 | N6: 全症例の25％〜49％程度 | P6: 全症例の25％〜49％程度 | R6: 全症例の25％〜49％程度 | T6: 握力, 膝伸展筋力, 歩行速度, 開眼片脚立位時間, 骨格筋量指数（SMI） | V6: 認知機能, 握力 | X6: 実施していない | Z6: Barthel Index（BI）, FIM | AB6: HDS-R, AMTS | AD6: 定量的な下肢筋力測定, 開眼片脚立位時間, 10m歩行速度, 認知機能, 過去の転倒歴 | AF6: 決まっている | AG6: 14日目 | AI6: 下肢筋力強化, バランス練習, 歩行練習, 起立、着座動作練習, 環境調整, 補助具、装具の適正化, 認知面への介入, 教育、指導
A7: 46083.633 | B7: 上原 光司 | C7: 社会医療法人愛仁会 高槻病院 | D7: 大阪府 | E7: uehara.kouji@aijinkai-group.com | F7: リハビリテーション科 理学療法士 | G7: 100 | H7: 25 | I7: 10 | J7: 現在、算定している | K7: 関節可動域運動, 筋力増強運動, 呼吸リハビリテーション, DVT予防, ポジショニング, 自主運動指導, 術後リハビリテーションのオリエンテーション | L7: 全症例の25％〜49％程度 | N7: 全症例の0％〜24％程度 | P7: 全症例の0％〜24％程度 | R7: 全症例の0％〜24％程度 | T7: 膝伸展筋力, 歩行速度, 骨格筋量指数（SMI） | V7: 実施していない | X7: 実施していない | Z7: FIM | AB7: MMSE | AD7: 定量的な下肢筋力測定 | AF7: わからない | AI7: 下肢筋力強化, バランス練習, 歩行練習
A8: 46083.663 | B8: 芝原孝治 | C8: 済生会兵庫県病院 | D8: 兵庫県 | E8: shiba20131946@gmail.com | F8: 芝原孝治 | G8: 146 | H8: 11 | I8: 1 | J8: 届け出はしていないが、現在検討中である | K8: DVT予防, ポジショニング, 自主運動指導, 術後リハビリテーションのオリエンテーション, 認知機能評価 | L8: 全症例の75％〜100％程度 | M8: 基本的に術後翌日は疼痛が強いことが多くパスで端座位までとしており、認知機能低下やせん妄予防のため指示がある際に車椅子移乗まで実施している。 | N8: 全症例の0％〜24％程度 | P8: 全症例の0％〜24％程度 | R8: 全症例の0％〜24％程度 | T8: 5回椅子立ち上がりテスト, 歩行速度, SPPB, TUG, 6分間歩行距離, 下腿周径 | V8: TUG, 6分間歩行距離, 認知機能 | X8: 実施していない | Y8: これまではロコモ外来がなく、リハビリを提供していなかったため | Z8: Barthel Index（BI）, FIM | AB8: MMSE, HDS-R, AMTS | AD8: 定量的な下肢筋力測定, TUG, 10m歩行速度, SPPB、Functional Reach Test（FRT）, 認知機能, 過去の転倒歴, 既往疾患の有無（脳血管疾患、パーキンソン病など）, 薬剤（向精神薬、降圧薬、利尿薬、ポリファーマシーなど）, ベッド周囲および病室環境 | AF8: 決まっている | AG8: 術前1日目にAMTS、転倒歴、既往歴など評価し、術後歩行が可能になった時期に応じて歩行速度など実施。 | AI8: 下肢筋力強化, バランス練習, 歩行練習, 歩容改善, 起立、着座動作練習, 環境調整, 補助具、装具の適正化, 認知面への介入, 行動面への介入, 薬剤調整, 教育、指導
A9: 46083.669 | B9: 中野圭介 | C9: 藤沢市民病院 | D9: 神奈川県 | E9: nakano.k0423@gmail.com | F9: 理学療法士 | G9: 20 | H9: 5 | I9: 0 | J9: 届け出はしていないが、現在検討中である | K9: 実施していない | L9: 全症例の0％〜24％程度 | N9: 全症例の0％〜24％程度 | P9: 全症例の0％〜24％程度 | R9: 全症例の0％〜24％程度 | T9: 実施していない | U9: 栄養面では栄養士がやっている | V9: 実施していない | X9: 実施していない | Y9: 必要を感じていない | Z9: Barthel Index（BI） | AB9: MMSE, HDS-R | AD9: 認知機能, 注意障害, せん妄 | AF9: 決まっていない | AH9: 特に理由はない | AI9: 下肢筋力強化, バランス練習, 歩行練習, 歩容改善, 起立、着座動作練習, 環境調整, 補助具、装具の適正化, 認知面への介入, 行動面への介入, 薬剤調整, 教育、指導
A10: 46083.696 | B10: 寺井 真人 | C10: 社会医療法人蒼生会蒼生病院 | D10: 大阪府 | E10: riha@sousei-hp.jp | F10: リハビリテーション科 作業療法士 | G10: 125 | H10: 9 | I10: 2 | J10: 届け出はしているが、算定していない | K10: 関節可動域運動, 筋力増強運動, 術後リハビリテーションのオリエンテーション | L10: 全症例の0％〜24％程度 | N10: 全症例の50％〜74％程度 | O10: 対策はできていないです。指示が入らず拒否が強いことが多いです。 | P10: 全症例の0％〜24％程度 | R10: 全症例の0％〜24％程度 | T10: 握力, 5回椅子立ち上がりテスト, TUG, 開眼片脚立位時間, MNA-SF | V10: 認知機能, 握力 | X10: 実施していない | Y10: フレイルとサルコペニアで対応しています | Z10: Barthel Index（BI） | AB10: MMSE, AMTS | AD10: 開眼片脚立位時間, TUG, 5回椅子立ち上がりテスト, 認知機能 | AF10: 決まっていない | AH10: 各患者状態が違うため。退院1週前～で評価することが多いです | AI10: 下肢筋力強化, バランス練習, 歩行練習, 歩容改善, 起立、着座動作練習, 環境調整, 補助具、装具の適正化, 認知面への介入, 教育、指導
A11: 46083.705 | B11: 高橋智子 | C11: 国立長寿医療研究センター | D11: 愛知県 | E11: ttomoko@ncgg.go.jp | F11: リハビリテーション科部 理学療法士 | G11: 75 | H11: 9 | I11: 3 | J11: 現在、算定している | K11: 関節可動域運動, リラクセーション, ポジショニング | L11: 全症例の0％〜24％程度 | N11: 全症例の50％〜74％程度 | P11: 全症例の25％〜49％程度 | R11: 全症例の25％〜49％程度 | S11: 初回離床はセラピストが介入するようにし、その場で環境設定をおこないます | T11: 握力, 膝伸展筋力, 歩行速度, SPPB, 骨格筋量指数（SMI）, 下腿周径 | V11: TUG, 認知機能, 握力 | X11: 2ステップテスト | Z11: Barthel Index（BI）, FIM | AB11: MMSE | AD11: TUG, 10m歩行速度, SPPB、Functional Reach Test（FRT）, 認知機能, 注意障害, 過去の転倒歴, SIDE | AF11: 決まっていない | AH11: 疼痛により個人差があるため | AI11: 下肢筋力強化, バランス練習, 歩行練習, 起立、着座動作練習, 環境調整, 補助具、装具の適正化
A12: 46083.738 | B12: 下門 範子 | C12: 北九州総合病院 | D12: 福岡県 | E12: n-shimokado@kitakyu-hp.or.jp | F12: リハビリテーション科/作業療法士 | G12: 247 | H12: 8 | I12: 3 | J12: 届け出はしていないが、現在検討中である | K12: DVT予防, ポジショニング, 自主運動指導, 術後リハビリテーションのオリエンテーション, 離床（例：車椅子移乗,立位,歩行など）, 認知症検査（HDS-R/AMTS） | L12: 全症例の0％〜24％程度 | N12: 全症例の0％〜24％程度 | P12: 全症例の0％〜24％程度 | R12: 全症例の0％〜24％程度 | T12: 下腿周径 | V12: 認知機能 | X12: 立ち上がりテスト | Z12: Barthel Index（BI）, FIM | AB12: MMSE, HDS-R | AD12: 認知機能, ベッド周囲および病室環境 | AF12: 決まっている | AG12: 認知機能評価は術前とENT・転院前です。 | AI12: 下肢筋力強化, バランス練習, 歩行練習, 歩容改善, 起立、着座動作練習, 環境調整, 補助具、装具の適正化, 認知面への介入, 行動面への介入, 薬剤調整, 教育、指導
A13: 46083.865 | B13: 池脇圭司 | C13: 徳島県立中央病院 | D13: 徳島県 | E13: kptaf1117@yahoo.co.jp | F13: リハビリテーション技術科/理学療法士 | G13: 202 | H13: 10 | I13: 6 | J13: 届け出をしておらず、検討もしていない | K13: DVT予防, 自主運動指導, 術後リハビリテーションのオリエンテーション, 離床（例：車椅子移乗,立位,歩行など） | L13: 全症例の75％〜100％程度 | M13: 術後は鎮痛剤を入れて、リハ前に頓服も検討 | N13: 全症例の25％〜49％程度 | P13: 全症例の50％〜74％程度 | Q13: アセスメントし、午前か午後で可能か検討 | R13: 全症例の0％〜24％程度 | T13: 下腿周径, GNRI | V13: 認知機能, GNRI, 握力 | X13: 実施していない | Y13: 術後2週以内には転院になり、評価困難例が多いため | Z13: Barthel Index（BI） | AB13: HDS-R, AMTS | AD13: 開眼片脚立位時間, 認知機能, せん妄, 過去の転倒歴, ベッド周囲および病室環境, SIDE | AF13: 決まっている | AG13: 術後７日目 | AI13: 下肢筋力強化, バランス練習, 歩行練習, 起立、着座動作練習, 環境調整, 教育、指導
A14: 46084.401 | B14: 島岡 秀奉 | C14: 高知県立あき総合病院 | D14: 高知県 | E14: satomi_nonaka@ken2.pref.kochi.lg.jp | G14: 96 | H14: 11 | I14: 5 | J14: 届け出をしておらず、検討もしていない | K14: DVT予防, ポジショニング, 自主運動指導, 術後リハビリテーションのオリエンテーション | L14: 全症例の50％〜74％程度 | M14: 特になし | N14: 全症例の0％〜24％程度 | P14: 全症例の0％〜24％程度 | R14: 全症例の0％〜24％程度 | T14: 握力, 下腿周径 | V14: 認知機能, 握力 | X14: 実施していない | Y14: 回復期のある病院へ転院されることが多く実施できない。 | Z14: Barthel Index（BI）, FIM | AB14: AMTS | AD14: 実施していない | AE14: リハビリ対象の患者が高齢のため大半の患者が転倒リスクが高い | AH14: Q15-1の回答と同様 | AI14: 下肢筋力強化, バランス練習, 歩行練習, 歩容改善, 起立、着座動作練習, 環境調整, 補助具、装具の適正化
A15: 46084.412 | B15: 澤下 浩二 | C15: 甲南医療センタ－ | D15: 兵庫県 | E15: koji.sawashita@kohnan.or.jp | F15: リハビリテーション部/理学療法士 | G15: 146 | H15: 6 | I15: 9 | J15: 届け出はしていないが、現在検討中である | K15: 関節可動域運動, 筋力増強運動, DVT予防, ポジショニング | L15: 全症例の0％〜24％程度 | N15: 全症例の0％〜24％程度 | P15: 全症例の0％〜24％程度 | R15: 全症例の0％〜24％程度 | T15: 握力, 5回椅子立ち上がりテスト, SPPB, 下腿周径 | V15: 握力 | X15: 立ち上がりテスト | Z15: Barthel Index（BI）, FIM | AB15: MMSE | AD15: SPPB、Functional Reach Test（FRT） | AF15: 決まっていない | AI15: 下肢筋力強化, バランス練習, 歩行練習, 環境調整, 補助具、装具の適正化
A16: 46084.415 | B16: 宮澤佑治 | C16: 浜松医療センター | D16: 静岡県 | E16: amakoa@yahoo.co.jp | F16: リハビリテーション技術科/理学療法士 | G16: 350 | H16: 15 | I16: 7 | J16: 届け出をしておらず、検討もしていない | K16: DVT予防, リラクセーション, 離床（例：車椅子移乗,立位,歩行など） | L16: 全症例の75％〜100％程度 | M16: 医師による強力な促しがあります。暴れてうまくいかない人は人数かけて行う事もあります。術翌日は最低座位、車椅子乗車まで行うのが普通でそれができない人は免荷が必要な過体重な人か重度脳卒中併存、暴れるなどの人であることが多いのでそういう人をそこまでするか？は適宜判断して行います。 | N16: 全症例の0％〜24％程度 | P16: 全症例の0％〜24％程度 | Q16: 貧血が原因であれば輸血した後に起立する、短時間にする、起立よりも座位時間確保など | R16: 全症例の0％〜24％程度 | T16: 握力, 歩行速度, 下腿周径 | U16: 人によります。高齢で明らかに弱々しい人は測定しますが元気な人は定型的に行わないこともあります。 | V16: J-CHS基準, 認知機能, 握力 | W16: 頸部骨折にはフレイルが関連している可能性が高いから全例スクリーニングしましょうという高度なことはできていません。各担当者がありそうだな、と感じた場合上記評価を適宜行っています。 | X16: 実施していない | Y16: ロコモティブシンドロームとしては評価スクリーニングしてません。当院ではロコモはそれほど議論されていません。 | Z16: Barthel Index（BI） | AB16: MMSE | AC16: 大腿骨骨折はパス化されていますが近隣のリハビリテーション病院がmmseやらないととらないなどわがままをいうのでよほど元気で認知症扱いするなと怒る人以外はスクリーニングとしてとっています。 | AD16: Berg Balance Scale（BBS）, SPPB、Functional Reach Test（FRT）, せん妄, 過去の転倒歴, 既往疾患の有無（脳血管疾患、パーキンソン病など）, 薬剤（向精神薬、降圧薬、利尿薬、ポリファーマシーなど）, ベッド周囲および病室環境 | AF16: 決まっていない | AH16: 症例数が多すぎるので、院内転倒リスクが高いとnsかリハでおもったひとを抽出して井戸端会議したり転んでしまった人は事案発覚からすぐに集まってカンファします。これも病棟でまちまちなこともあります。 | AI16: 下肢筋力強化, バランス練習, 歩行練習, 歩容改善, 起立、着座動作練習, 環境調整, 補助具、装具の適正化, 教育、指導 | AJ16: 転倒予防策として定型的に行っているものはありません。担当者の裁量で行っていることが多く組織的にできていないのは課題と考えます。組織的に行っていないというのがこの設問の行っていないに該当するのであれば行っていません。
A17: 46084.444 | B17: 水谷純子 | C17: 東京都済生会中央病院 | D17: 東京都 | E17: rh-mizutani@saichu.jp | F17: リハビリテーション技術科／理学療法士 | G17: 78 | H17: 9 | I17: 5 | J17: 届け出をしておらず、検討もしていない | K17: 実施していない | L17: 全症例の0％〜24％程度 | N17: 全症例の0％〜24％程度 | P17: 全症例の0％〜24％程度 | R17: 全症例の0％〜24％程度 | T17: 実施していない | U17: 3次救急で大腿骨近位部骨折の患者にフレイルの評価としては時期的に取っていない。機能評価としてはやっています。 | V17: 実施していない | W17: 3次救急で大腿骨近位部骨折の患者にフレイルの評価としては時期的に取っていない。機能評価としてはやっています。 | X17: 実施していない | Y17: 3次救急で大腿骨近位部骨折の患者であり、評価の時期まで入院していない。 | Z17: Barthel Index（BI） | AB17: MMSE, HDS-R, MoCA, AMTS | AD17: TUG, 10m歩行速度, Berg Balance Scale（BBS）, SPPB、Functional Reach Test（FRT）, 深部感覚評価, 認知機能, せん妄, 過去の転倒歴, 既往疾患の有無（脳血管疾患、パーキンソン病など） | AF17: 決まっている | AG17: TUGは7POD、AMTSは10POD、それ以外は患者に合わせてできる時期に評価 | AI17: 下肢筋力強化, バランス練習, 歩行練習, 歩容改善, 起立、着座動作練習, 環境調整, 補助具、装具の適正化, 認知面への介入, 薬剤調整, 教育、指導
A18: 46084.478 | B18: 望月拓駿 | C18: 静岡県立総合病院 | D18: 静岡県 | E18: omochitack14@gmail.com | F18: リハビリテーション科/理学療法士 | G18: 140 | H18: 25 | I18: 0 | J18: 届け出はしていないが、現在検討中である | K18: 関節可動域運動, 筋力増強運動, DVT予防, 自主運動指導, 術後リハビリテーションのオリエンテーション | L18: 全症例の25％〜49％程度 | N18: 全症例の25％〜49％程度 | P18: 全症例の0％〜24％程度 | R18: 全症例の0％〜24％程度 | T18: 握力, 歩行速度, SPPB | V18: 認知機能, 握力 | X18: 実施していない | Y18: 当院として計測を行っていない | Z18: Barthel Index（BI）, FIM | AB18: MMSE, HDS-R | AD18: TUG, Berg Balance Scale（BBS）, SPPB、Functional Reach Test（FRT）, ベッド周囲および病室環境 | AF18: 決まっていない | AH18: 実際の患者に合わせて可能かどうかを各自判断している | AI18: 下肢筋力強化, バランス練習, 歩行練習, 起立、着座動作練習, 環境調整, 補助具、装具の適正化, 認知面への介入, 行動面への介入
A19: 46084.484 | B19: 三浦大介 | C19: 地方独立行政法人 岐阜県立多治見病院 | D19: 岐阜県 | E19: miura-daisuke@tajimi-hospital.jp | F19: リハビリテーション科 理学療法士 | G19: 159 | H19: 10 | I19: 0 | J19: 届け出をしておらず、検討もしていない | K19: 関節可動域運動, 筋力増強運動, 呼吸リハビリテーション, DVT予防, 自主運動指導, 術後リハビリテーションのオリエンテーション, 離床（例：車椅子移乗,立位,歩行など） | L19: 全症例の50％〜74％程度 | M19: 鎮痛薬による疼痛コントロール 高頻度介入 | N19: 全症例の25％〜49％程度 | P19: 全症例の0％〜24％程度 | R19: 全症例の0％〜24％程度 | T19: SPPB, TUG, 6分間歩行距離 | V19: TUG, 6分間歩行距離, 認知機能 | X19: 実施していない | Z19: Barthel Index（BI） | AB19: HDS-R, AMTS | AD19: TUG, SPPB、Functional Reach Test（FRT）, 認知機能, せん妄, 既往疾患の有無（脳血管疾患、パーキンソン病など）, 薬剤（向精神薬、降圧薬、利尿薬、ポリファーマシーなど）, ベッド周囲および病室環境 | AF19: 決まっている | AG19: 退院時 | AI19: 下肢筋力強化, バランス練習, 歩行練習, 歩容改善, 起立、着座動作練習, 環境調整, 補助具、装具の適正化, 認知面への介入
A20: 46084.56 | B20: 永松 康太 | C20: 神奈川県厚生連 伊勢原協同病院 | D20: 神奈川県 | E20: kotadk.h@gmail.com | F20: リハビリテーション室/理学療法士 | G20: 189 | H20: 7 | I20: 4 | J20: 届け出をしておらず、検討もしていない | K20: 関節可動域運動, 筋力増強運動, DVT予防, リラクセーション, ポジショニング, 自主運動指導, 術後リハビリテーションのオリエンテーション | L20: 全症例の0％〜24％程度 | N20: 全症例の0％〜24％程度 | P20: 全症例の0％〜24％程度 | R20: 全症例の0％〜24％程度 | T20: 膝伸展筋力, 歩行速度 | V20: 認知機能 | X20: 実施していない | Y20: 理由は特にありません | Z20: Barthel Index（BI） | AB20: HDS-R, AMTS | AD20: 定量的な下肢筋力測定, 認知機能, 過去の転倒歴, 既往疾患の有無（脳血管疾患、パーキンソン病など）, 薬剤（向精神薬、降圧薬、利尿薬、ポリファーマシーなど）, ベッド周囲および病室環境 | AF20: 決まっていない | AH20: 通常の理学療法評価の中で行うため、特に決まっていません。 | AI20: 下肢筋力強化, バランス練習, 歩行練習, 歩容改善, 起立、着座動作練習, 環境調整
A21: 46084.577 | B21: 高橋智之 | C21: 関口病院 | D21: 群馬県 | E21: t.takahashi@kouwa-sekiguchi.com | F21: リハビリテーション課/理学療法士 | G21: 189 | H21: 20 | I21: 0 | J21: 届け出をしておらず、検討もしていない | K21: 関節可動域運動, 筋力増強運動, 呼吸リハビリテーション, DVT予防, リラクセーション, ポジショニング, 離床（例：車椅子移乗,立位,歩行など） | L21: 全症例の0％〜24％程度 | N21: 全症例の0％〜24％程度 | P21: 全症例の0％〜24％程度 | R21: 全症例の0％〜24％程度 | T21: 握力, 膝伸展筋力, 5回椅子立ち上がりテスト, 6分間歩行距離, 下腿周径 | V21: 握力 | X21: 立ち上がりテスト | Z21: Barthel Index（BI）, FIM | AB21: HDS-R | AD21: 定量的な下肢筋力測定, 5回椅子立ち上がりテスト, 過去の転倒歴, 既往疾患の有無（脳血管疾患、パーキンソン病など）, 薬剤（向精神薬、降圧薬、利尿薬、ポリファーマシーなど） | AF21: 決まっていない | AH21: 退院前に一回実施するため、患者によって実施するタイミングが異なるから | AI21: 下肢筋力強化, バランス練習, 歩行練習, 歩容改善, 起立、着座動作練習, 環境調整, 行動面への介入, 教育、指導
A22: 46084.581 | B22: 藤野裕気 | C22: 医療法人吉野会はやと整形外科 | D22: 鹿児島県 | E22: hayatoseikei-riha@po2.synapse.ne.jp | F22: リハビリテーション科/理学療法士 | G22: 27 | H22: 7 | I22: 1 | J22: 届け出はしていないが、現在検討中である | K22: 関節可動域運動, 筋力増強運動, DVT予防, リラクセーション, ポジショニング, 自主運動指導, 術後リハビリテーションのオリエンテーション | L22: 全症例の25％〜49％程度 | N22: 全症例の25％〜49％程度 | P22: 全症例の25％〜49％程度 | R22: 全症例の0％〜24％程度 | T22: 握力, 5回椅子立ち上がりテスト, TUG, 開眼片脚立位時間, 下腿周径 | V22: TUG, 握力 | X22: 立ち上がりテスト, 2ステップテスト | Z22: Barthel Index（BI）, FIM | AB22: 実施していない | AC22: 看護師がAMTSまたはHDS-Rを実施している為 | AD22: 開眼片脚立位時間, TUG, 5回椅子立ち上がりテスト, Fall Risk Index | AF22: 決まっていない | AH22: 患者様により立位や歩行できる時期が異なる為 | AI22: 下肢筋力強化, バランス練習, 歩行練習, 歩容改善, 起立、着座動作練習, 環境調整, 補助具、装具の適正化, 行動面への介入, 教育、指導
A23: 46084.592 | B23: 今井智文 | C23: 豊川市民病院 | D23: 愛知県 | E23: reha@toyokawa-ch-aichi.jp | F23: リハビリテーション技術科/理学療法士 | G23: 229 | H23: 18 | I23: 8 | J23: 届け出をしておらず、検討もしていない | K23: 筋力増強運動, DVT予防, リラクセーション, ポジショニング, 自主運動指導, 術後リハビリテーションのオリエンテーション | L23: 全症例の25％〜49％程度 | N23: 全症例の0％〜24％程度 | P23: 全症例の0％〜24％程度 | R23: 全症例の0％〜24％程度 | T23: 実施していない | U23: 術前はベッド上安静で評価実施困難。（座位・起立・歩行は困難）術後は機能回復のための介入が中心となります。 | V23: 実施していない | W23: 術前はベッド上安静で評価実施困難。（座位・起立・歩行は困難）術後は機能回復のための介入が中心となります。 | X23: 実施していない | Y23: 術前はベッド上安静で評価実施困難。（座位・起立・歩行は困難）術後は機能回復のための介入が中心となります。 | Z23: Barthel Index（BI）, FIM | AB23: MMSE, HDS-R, AMTS | AD23: 定量的な下肢筋力測定, 認知機能, 注意障害, ベッド周囲および病室環境, 転倒予防カンファレンスへの参加 | AF23: 決まっている | AG23: 術後３日以内 | AI23: 下肢筋力強化, バランス練習, 歩行練習, 歩容改善, 起立、着座動作練習, 環境調整, 補助具、装具の適正化, 認知面への介入, 行動面への介入, 教育、指導
A24: 46084.595 | B24: 屋宜 秀明 | C24: 徳島市民病院 | D24: 徳島県 | E24: hideaki_rx78@yahoo.co.jp | F24: リハビリテーション科／理学療法士 | G24: 203 | H24: 13 | I24: 0 | J24: 届け出をしておらず、検討もしていない | K24: 関節可動域運動, DVT予防, ポジショニング, 自主運動指導, 術後リハビリテーションのオリエンテーション | L24: 全症例の25％〜49％程度 | N24: 全症例の0％〜24％程度 | P24: 全症例の0％〜24％程度 | R24: 全症例の0％〜24％程度 | T24: 握力, 下腿周径 | V24: 握力 | X24: 実施していない | Z24: Barthel Index（BI） | AB24: MMSE, HDS-R | AD24: 実施していない | AE24: 各セラピストが評価を行い訓練を実施していますが、特定の評価を必須にはしてません。 | AI24: 下肢筋力強化, バランス練習, 歩行練習, 環境調整
A25: 46084.647 | B25: 荒木 裕介 | C25: 医療法人 讃高会 枚方東整形外科病院 | D25: 大阪府 | E25: takai.rihabiri@sankokai.or.jp | F25: リハビリテーション室/理学療法士 | G25: 106 | H25: 9 | I25: 0 | J25: 届け出をしておらず、検討もしていない | K25: 関節可動域運動, 筋力増強運動, リラクセーション, ポジショニング | L25: 全症例の0％〜24％程度 | N25: 全症例の0％〜24％程度 | P25: 全症例の0％〜24％程度 | R25: 全症例の0％〜24％程度 | T25: 握力, 膝伸展筋力, 歩行速度 | V25: 抑うつや意欲低下, 握力 | X25: 実施していない | Z25: Barthel Index（BI）, FIM | AB25: 実施していない | AD25: 実施していない | AE25: 片脚立位等，各々で評価はしているが，施設して定められた評価は無い | AI25: 下肢筋力強化, バランス練習, 歩行練習, 歩容改善, 起立、着座動作練習, 環境調整, 教育、指導
A26: 46084.67 | B26: 堂前 伸 | C26: 東京歯科大学市川総合病院 | D26: 千葉県 | E26: sdoumae@tdc.ac.jp | F26: リハビリテーション科/理学療法士 | G26: 52 | H26: 7 | I26: 0 | J26: 届け出をしておらず、検討もしていない | K26: 術前評価のみ | L26: 全症例の0％〜24％程度 | N26: 全症例の0％〜24％程度 | P26: 全症例の0％〜24％程度 | R26: 全症例の0％〜24％程度 | T26: 握力, 膝伸展筋力, 5回椅子立ち上がりテスト, 歩行速度, TUG, 開眼片脚立位時間, 下腿周径 | V26: TUG, 6分間歩行距離, 認知機能, 握力 | X26: 立ち上がりテスト, ロコモ25（質問票） | Z26: Barthel Index（BI）, FIM | AB26: MMSE, HDS-R | AD26: 認知機能, せん妄, 過去の転倒歴, 既往疾患の有無（脳血管疾患、パーキンソン病など）, 薬剤（向精神薬、降圧薬、利尿薬、ポリファーマシーなど）, ベッド周囲および病室環境 | AF26: 決まっていない | AH26: 動作獲得に個人差があるため、立位・歩行が可能となったタイミングで実施 | AI26: 下肢筋力強化, バランス練習, 歩行練習, 起立、着座動作練習, 環境調整
A27: 46084.692 | B27: 木ノ下哲嗣 | C27: 手稲渓仁会病院 | D27: 北海道 | E27: kinoshita-sat@keijinkai.or.jp | F27: リハビリテーション部/理学療法士 | G27: 70 | H27: 13 | I27: 4 | J27: 届け出をしておらず、検討もしていない | K27: 関節可動域運動, 筋力増強運動, 呼吸リハビリテーション, DVT予防, リラクセーション, ポジショニング, 自主運動指導, 術後リハビリテーションのオリエンテーション, 離床（例：車椅子移乗,立位,歩行など） | L27: 全症例の25％〜49％程度 | N27: 全症例の0％〜24％程度 | P27: 全症例の0％〜24％程度 | R27: 全症例の0％〜24％程度 | T27: 膝伸展筋力, 歩行速度, TUG | V27: J-CHS基準, 認知機能, 抑うつや意欲低下 | X27: 実施していない | Z27: Barthel Index（BI）, FIM | AB27: MMSE, AMTS | AD27: 定量的な下肢筋力測定, TUG, 10m歩行速度, Berg Balance Scale（BBS） | AF27: 決まっている | AG27: 術前もしくは術後１日目 | AI27: 下肢筋力強化, バランス練習, 歩行練習, 歩容改善, 起立、着座動作練習, 環境調整, 認知面への介入
A28: 46084.713 | B28: 山下 麻美 | C28: 済生会長崎病院 | D28: 長崎県 | E28: mami.saisei.0913@gmail.com | F28: リハビリテーション部／理学療法士 | G28: 239 | H28: 14 | I28: 0 | J28: 届け出をしておらず、検討もしていない | K28: 関節可動域運動, 筋力増強運動, DVT予防, リラクセーション, ポジショニング, 自主運動指導, 術後リハビリテーションのオリエンテーション | L28: 全症例の75％〜100％程度 | M28: 術後翌日からのリハビリテーションの介入。 | N28: 全症例の0％〜24％程度 | P28: 全症例の0％〜24％程度 | R28: 全症例の0％〜24％程度 | T28: 実施していない | U28: その他評価で対応。 | V28: 実施していない | W28: その他評価で対応。 | X28: 実施していない | Y28: その他評価で対応。 | Z28: Barthel Index（BI） | AB28: MMSE, HDS-R, MoCA | AD28: 実施していない | AE28: 患者によって、必要な評価を選定して行っている。 | AH28: 同じ病名でも、年齢や性別等患者背景が異なるため。 | AI28: 下肢筋力強化, バランス練習, 歩行練習, 歩容改善, 起立、着座動作練習, 環境調整, 補助具、装具の適正化, 認知面への介入, 行動面への介入, 薬剤調整, 教育、指導
A29: 46084.723 | B29: 岡野宏信 | C29: 香川県立中央病院 | D29: 香川県 | E29: oknhiron@gmail.com | F29: リハビリテーション部/理学療法士 | G29: 138 | H29: 8 | I29: 0 | J29: 届け出をしておらず、検討もしていない | K29: 関節可動域運動, 筋力増強運動, 呼吸リハビリテーション, DVT予防, リラクセーション, ポジショニング, 自主運動指導, 術後リハビリテーションのオリエンテーション | L29: 全症例の25％〜49％程度 | N29: 全症例の25％〜49％程度 | P29: 全症例の25％〜49％程度 | R29: 全症例の0％〜24％程度 | T29: 握力, 歩行速度 | V29: 実施していない | W29: データを利用していないため | X29: 実施していない | Y29: データを利用していないため。 | Z29: Barthel Index（BI） | AB29: AMTS | AD29: 10m歩行速度, | AF29: 決まっている | AG29: 14日目を目安に行っている | AI29: 下肢筋力強化, バランス練習, 歩行練習, 歩容改善, 起立、着座動作練習, 環境調整, 補助具、装具の適正化, 認知面への介入, 行動面への介入, 薬剤調整, 教育、指導
A30: 46084.754 | B30: 藤井千博 | C30: 総合病院 聖隷浜松病院 | D30: 静岡県 | E30: c-fujii@sis.seirei.or.jp | F30: リハビリテーション部／理学療法士 | G30: 211 | H30: 10 | I30: 5 | J30: 届け出はしていないが、現在検討中である | K30: 実施していない | L30: 全症例の0％〜24％程度 | N30: 全症例の0％〜24％程度 | P30: 全症例の0％〜24％程度 | R30: 全症例の0％〜24％程度 | T30: 実施していない | U30: サルコペニアに特化した評価は実施していない 各症例に必要な評価を実施している | V30: 実施していない | W30: フレイルに特化した評価は実施していない 各症例に必要な評価を実施している | X30: 実施していない | Y30: ロコモに特化した評価は実施していない 各症例に必要な評価を実施している | Z30: Barthel Index（BI） | AB30: MMSE, AMTS | AD30: 実施していない | AE30: 活動の一環としては評価は実施していない 各症例に必要な評価を実施している | AI30: 下肢筋力強化, バランス練習, 歩行練習, 歩容改善, 起立、着座動作練習, 環境調整, 補助具、装具の適正化, 認知面への介入, 行動面への介入, 教育、指導
A31: 46084.769 | B31: 那須崇史 | C31: 重工大須病院 | D31: 愛知県 | E31: t-nasu@keimeikai.or.jp | F31: リハビリテーション部/理学療法士 | G31: 176 | H31: 7 | I31: 2 | J31: 現在、算定している | K31: 関節可動域運動, 筋力増強運動, DVT予防, リラクセーション, ポジショニング, 自主運動指導, 術後リハビリテーションのオリエンテーション, 離床（例：車椅子移乗,立位,歩行など）, リアリティーオリエンテーション | L31: 全症例の0％〜24％程度 | N31: 全症例の0％〜24％程度 | P31: 全症例の0％〜24％程度 | R31: 全症例の0％〜24％程度 | T31: 握力, 歩行速度, TUG, 下腿周径 | V31: TUG, 認知機能, 握力 | X31: 実施していない | Y31: ロコモティブシンドロームとしての評価を設定していないため | Z31: Barthel Index（BI）, FIM | AB31: MMSE, MoCA | AD31: 認知機能, 過去の転倒歴, Fall Risk Index | AF31: 決まっている | AG31: 術前に実施しています。 | AI31: 下肢筋力強化, バランス練習, 歩行練習, 歩容改善, 起立、着座動作練習, 環境調整, 補助具、装具の適正化, 認知面への介入, 行動面への介入, 教育、指導
A32: 46084.802 | B32: 青木 敏明 | C32: 東京都立多摩総合医療センター | D32: 東京都 | E32: toshiaki_aoki@tmhp.jp | F32: リハビリテーション科／理学療法士 | G32: 155 | H32: 18 | I32: 0 | J32: 届け出はしていないが、現在検討中である | K32: 関節可動域運動, 筋力増強運動, DVT予防, 術後リハビリテーションのオリエンテーション, 離床（例：車椅子移乗,立位,歩行など） | L32: 全症例の50％〜74％程度 | M32: 痛みの評価・対症療法（軽めのROM・マッサージ等） | N32: 全症例の50％〜74％程度 | O32: 覚醒状態のタイミングをみて介入 | P32: 全症例の50％〜74％程度 | Q32: 起立性低血圧が多く、段階的な姿勢調整とバイタルチェック | R32: 全症例の0％〜24％程度 | T32: 各種評価は行っているが、サルコペニアの評価としては実施していない | U32: 通常の術後評価のみ行っている | V32: 各種評価は行っているが、フレイルの評価としては実施していない | W32: 通常の術後評価のみ行っている | X32: 各種評価は行っているが、ロコモの評価としては実施していない | Y32: 通常の術後評価のみ行っている | Z32: Barthel Index（BI）, FIM | AB32: HDS-R | AD32: 各種評価は行っているが、特に定められた評価としては実施していない | AE32: 通常の評価として実施している | AF32: 決まっていない | AH32: 患者の状況に応じて評価を実施している | AI32: 下肢筋力強化, バランス練習, 歩行練習, 補助具、装具の適正化, 認知面への介入
A33: 46085.259 | B33: 松尾英明 | C33: 福井大学医学部附属病院 | D33: 福井県 | E33: hideakim@u-fukui.ac.jp | F33: リハビリテーション部/理学療法士 | G33: 136 | H33: 4 | I33: 2 | J33: 届け出をしておらず、検討もしていない | K33: 関節可動域運動, 筋力増強運動, DVT予防, ポジショニング, 自主運動指導, 術後リハビリテーションのオリエンテーション, 離床（例：車椅子移乗,立位,歩行など） | L33: 全症例の0％〜24％程度 | N33: 全症例の0％〜24％程度 | P33: 全症例の0％〜24％程度 | R33: 全症例の0％〜24％程度 | T33: SPPB, SARC-F | V33: Kihon Checklist（基本チェックリスト） | X33: 実施していない | Y33: 時間の十分にとれない急性期リハの中で、フレイル、サルコペニアを優先的に評価しているため。 | Z33: FIM | AB33: HDS-R, AMTS | AD33: 開眼片脚立位時間, 10m歩行速度, Berg Balance Scale（BBS）, SPPB、Functional Reach Test（FRT）, 5回椅子立ち上がりテスト, 深部感覚評価, 認知機能, 注意障害, 遂行機能, せん妄, 転倒恐怖感, 過去の転倒歴, 既往疾患の有無（脳血管疾患、パーキンソン病など）, 薬剤（向精神薬、降圧薬、利尿薬、ポリファーマシーなど）, ベッド周囲および病室環境 | AF33: 決まっていない | AH33: もともとの診療活動として行っているため、FLS活動として改めて決め直していない。 | AI33: 下肢筋力強化, バランス練習, 歩行練習, 歩容改善, 起立、着座動作練習, 環境調整, 補助具、装具の適正化, 認知面への介入, 行動面への介入, 薬剤調整, 教育、指導
A34: 46085.507 | B34: 村山智幸 | C34: 新潟厚生連 上越総合病院 | D34: 新潟県 | E34: murayama-itigo-video1@ezweb.ne.jp | F34: リハビリテーション科 理学療法士 | G34: 137 | H34: 12 | I34: 2 | J34: 届け出はしているが、算定していない | K34: DVT予防, リラクセーション, ポジショニング, 自主運動指導, 術後リハビリテーションのオリエンテーション | L34: 全症例の0％〜24％程度 | N34: 全症例の0％〜24％程度 | P34: 全症例の0％〜24％程度 | R34: 全症例の0％〜24％程度 | T34: 握力, 膝伸展筋力 | V34: TUG, 握力 | X34: 立ち上がりテスト | Z34: Barthel Index（BI）, FIM | AB34: MMSE, HDS-R | AD34: 定量的な下肢筋力測定, 過去の転倒歴 | AF34: 決まっている | AG34: 退院までの期間 | AI34: 下肢筋力強化, バランス練習, 歩行練習, 起立、着座動作練習, 環境調整, 補助具、装具の適正化, 認知面への介入
A35: 46085.552 | B35: 藤野 裕美 | C35: 独立行政法人国立病院機構 四国こどもとおとなの医療センター | D35: 香川県 | E35: fujino.hiromi.qm@hosp.go.jp | F35: リハビリテーション科/理学療法士 | G35: 215 | H35: 6 | I35: 0 | J35: 届け出をしておらず、検討もしていない | K35: 実施していない | L35: 全症例の0％〜24％程度 | N35: 全症例の0％〜24％程度 | P35: 全症例の0％〜24％程度 | R35: 全症例の0％〜24％程度 | T35: 実施していない | U35: 評価を活用できる体制が整っておらず、仕組み作りが今後の課題 | V35: 実施していない | W35: 評価を活用できる体制が整っておらず、仕組み作りが今後の課題 | X35: 実施していない | Y35: 評価を活用できる体制が整っておらず、仕組み作りが今後の課題 | Z35: Barthel Index（BI）, FIM | AB35: MMSE, HDS-R | AD35: 定量的な下肢筋力測定, 認知機能, 転倒恐怖感, 過去の転倒歴, ベッド周囲および病室環境 | AF35: 決まっていない | AH35: 症状を基準に評価しており、業務フローは未整備である | AI35: 下肢筋力強化, バランス練習, 歩行練習, 歩容改善, 起立、着座動作練習, 環境調整, 補助具、装具の適正化, 教育、指導
A36: 46085.605 | B36: 桒原 慶太 | C36: 北里大学メディカルセンター | D36: 埼玉県 | E36: kuwabara@insti.kitasato-u.ac.jp | F36: リハビリテーションセンター・理学療法士 | G36: 98 | H36: 6 | I36: 0 | J36: 届け出をしておらず、検討もしていない | K36: 筋力増強運動, ポジショニング, 自主運動指導 | L36: 全症例の0％〜24％程度 | N36: 全症例の0％〜24％程度 | P36: 全症例の0％〜24％程度 | R36: 全症例の0％〜24％程度 | T36: 実施していない | U36: 握力、膝伸展筋力など上記の上から8つ目までは歩ける患者の多くで体力構成要素の検査として実施していますが、「サルコペニア」の評価としては実施していません。 | V36: 実施していない | W36: フレイルの評価をする視点がないため（フレイルであっても急性発症した疾病や手術後の影響が大きいためその視点でのアセスメントはできないため） | X36: 実施していない | Y36: Q11とおなじ理由 | Z36: Barthel Index（BI）, FIM | AB36: MMSE | AD36: 定量的な下肢筋力測定, 開眼片脚立位時間, TUG, 10m歩行速度, 5回椅子立ち上がりテスト, 認知機能 | AF36: 決まっていない | AH36: 日にちではなく、機能状態の改善程度を参考に決めています。 | AI36: 下肢筋力強化, バランス練習, 歩行練習, 歩容改善, 環境調整, 補助具、装具の適正化, 教育、指導
A37: 46085.654 | B37: 坂本 大和 | C37: 社会医療法人大成会 福岡記念病院 | D37: 福岡県 | E37: yappariyoshida@gmail.com | F37: リハビリテーション科／理学療法士 | G37: 225 | H37: 14 | I37: 9 | J37: 届け出をしておらず、検討もしていない | K37: DVT予防, リラクセーション, ポジショニング, 自主運動指導, 術後リハビリテーションのオリエンテーション, 離床（例：車椅子移乗,立位,歩行など）, 全症例には介入しておらず、入院から手術までの待機期間が長くなるケースのみ術前介入している。 | L37: 全症例の25％〜49％程度 | N37: 全症例の25％〜49％程度 | P37: 全症例の0％〜24％程度 | R37: 全症例の0％〜24％程度 | T37: SPPB, 下腿周径, 急性期病院のため、患者が安全に評価できる状況にない。 | V37: 認知機能 | X37: 実施していない | Y37: スタッフの認識と知識がない。 | Z37: Barthel Index（BI） | AB37: MMSE, HDS-R | AD37: 入院前と退院時の屋内、屋外での歩行状況の評価を実施している。 | AF37: 決まっている | AG37: 退院前には、評価項目を入力するようになっている。 | AI37: 下肢筋力強化, バランス練習, 歩行練習, 歩容改善, 環境調整, 補助具、装具の適正化
A38: 46085.675 | B38: 稲井 勲 | C38: 香川県済生会病院 | D38: 香川県 | E38: saiseikaikagawa@mf.pikara.ne.jp | F38: リハビリテーション科理学療法士 | G38: 64 | H38: 10 | I38: 8 | J38: 届け出はしていないが、現在検討中である | K38: 実施していない | L38: 全症例の0％〜24％程度 | N38: 全症例の0％〜24％程度 | P38: 全症例の0％〜24％程度 | R38: 全症例の0％〜24％程度 | T38: 実施していない, | U38: 個人の評価法による | V38: 実施していない | X38: 実施していない | Z38: FIM | AB38: MMSE, HDS-R | AD38: 実施していない | AI38: 下肢筋力強化, バランス練習, 歩行練習, 環境調整
A39: 46085.68 | B39: 照屋俊樹 | C39: 社会医療法人かりゆし会ハートライフ病院 | D39: 沖縄県 | E39: reha@heartlife.or.jp | F39: リハビリテーション科／理学療法士 | G39: 190 | H39: 15 | I39: 5 | J39: 届け出はしていないが、現在検討中である | K39: 関節可動域運動, 筋力増強運動, DVT予防, リラクセーション, ポジショニング, 術後リハビリテーションのオリエンテーション, 離床（例：車椅子移乗,立位,歩行など） | L39: 全症例の50％〜74％程度 | M39: 早期離床行い、動作能力を看護師へ報告し、トイレ誘導の依頼を行っている | N39: 全症例の25％〜49％程度 | P39: 全症例の25％〜49％程度 | R39: 全症例の0％〜24％程度 | T39: 実施していない | U39: 動作能力の改善度合いで評価しているため | V39: 実施していない | W39: 動作能力の改善度合いで評価しているため | X39: 立ち上がりテスト | Z39: FIM | AB39: MMSE, HDS-R | AD39: 注意障害, せん妄, 過去の転倒歴, 既往疾患の有無（脳血管疾患、パーキンソン病など）, 薬剤（向精神薬、降圧薬、利尿薬、ポリファーマシーなど）, ベッド周囲および病室環境 | AF39: 決まっている | AG39: 毎週 | AI39: 下肢筋力強化, バランス練習, 歩行練習, 歩容改善, 起立、着座動作練習, 環境調整, 補助具、装具の適正化, 認知面への介入, 行動面への介入, 教育、指導
A40: 46085.708 | B40: 望月弘己 | C40: 香芝生喜病院 | D40: 奈良県 | E40: mochimochihiromi@gmail.com | F40: リハビリテーション室 理学療法士 | G40: 110 | H40: 11 | I40: 7 | J40: 届け出をしておらず、検討もしていない | K40: 関節可動域運動, 筋力増強運動, ポジショニング, 自主運動指導 | L40: 全症例の50％〜74％程度 | M40: 十分な介助 | N40: 全症例の25％〜49％程度 | P40: 全症例の0％〜24％程度 | R40: 全症例の0％〜24％程度 | T40: 握力, 膝伸展筋力, FIM | V40: 握力 | X40: 実施していない | Y40: 知識が不十分 | Z40: FIM | AB40: MMSE, HDS-R | AD40: 深部感覚評価, 認知機能, 注意障害, せん妄, 転倒恐怖感, 過去の転倒歴 | AF40: 決まっていない | AI40: 下肢筋力強化, バランス練習, 歩行練習, 歩容改善, 環境調整, 補助具、装具の適正化, 認知面への介入, 行動面への介入, 教育、指導
A41: 46085.709 | B41: 谷 英幸 | C41: 社会医療法人財団 大和会 東大和病院 | D41: 東京都 | E41: rehabili@yamatokai.or.jp | F41: リハビリテーション科／理学療法士 | G41: 233 | H41: 9 | I41: 4 | J41: 現在、算定している | K41: 関節可動域運動, 筋力増強運動, DVT予防, リラクセーション, ポジショニング, 自主運動指導, 術後リハビリテーションのオリエンテーション, 離床（例：車椅子移乗,立位,歩行など） | L41: 全症例の0％〜24％程度 | N41: 全症例の0％〜24％程度 | P41: 全症例の0％〜24％程度 | R41: 全症例の0％〜24％程度 | T41: 握力, 膝伸展筋力, 開眼片脚立位時間 | V41: 認知機能, 握力 | X41: MMT、ROM、ADL評価 | Z41: Barthel Index（BI） | AB41: MMSE | AD41: 開眼片脚立位時間, 認知機能, 過去の転倒歴, 既往疾患の有無（脳血管疾患、パーキンソン病など）, 薬剤（向精神薬、降圧薬、利尿薬、ポリファーマシーなど）, ベッド周囲および病室環境 | AF41: 決まっていない | AH41: 術後ADLに準じて適宜実施している | AI41: 下肢筋力強化, バランス練習, 歩行練習, 歩容改善, 起立、着座動作練習, 環境調整, 補助具、装具の適正化, 認知面への介入, 行動面への介入, 教育、指導
A42: 46085.718 | B42: 山口通孝 | C42: 西尾市民病院 | D42: 愛知県 | E42: rehabilika@hospital.city.nishio.aichi.jp | G42: 216 | H42: 11 | I42: 3 | J42: 届け出をしておらず、検討もしていない | K42: 実施していない | L42: 全症例の0％〜24％程度 | N42: 全症例の0％〜24％程度 | P42: 全症例の25％〜49％程度 | R42: 全症例の0％〜24％程度 | T42: 握力, 膝伸展筋力 | V42: 握力 | X42: 実施していない | Z42: FIM | AB42: HDS-R | AD42: 定量的な下肢筋力測定 | AF42: 決まっている | AI42: 下肢筋力強化, バランス練習, 歩行練習, 歩容改善, 起立、着座動作練習, 環境調整, 補助具、装具の適正化, 認知面への介入, 教育、指導
A43: 46085.742 | B43: 野﨑 貴博 | C43: 医療法人伴帥会 愛野記念病院 | D43: 長崎県 | E43: aino-reha@ainomhp.jp | F43: リハビリテーション部／理学療法士 | G43: 60 | H43: 29 | I43: 8 | J43: 現在、算定している | K43: 関節可動域運動, 筋力増強運動, DVT予防, リラクセーション, ポジショニング, 自主運動指導, 術後リハビリテーションのオリエンテーション | L43: 全症例の25％〜49％程度 | N43: 全症例の0％〜24％程度 | P43: 全症例の0％〜24％程度 | R43: 全症例の0％〜24％程度 | T43: 握力, 5回椅子立ち上がりテスト, 歩行速度, TUG, 開眼片脚立位時間 | V43: J-CHS基準, TUG, 握力 | X43: 立ち上がりテスト, 2ステップテスト | Z43: Barthel Index（BI）, FIM | AB43: HDS-R | AD43: 認知機能, 注意障害, せん妄, 過去の転倒歴, 既往疾患の有無（脳血管疾患、パーキンソン病など）, ベッド周囲および病室環境 | AF43: 決まっている | AG43: 1日目 | AI43: 下肢筋力強化, バランス練習, 歩行練習, 起立、着座動作練習, 環境調整, 補助具、装具の適正化, 教育、指導
A44: 46085.757 | B44: 永井 健太 | C44: 社会医療法人栄公会 佐野記念病院 | D44: 大阪府 | E44: k_nagai@sanokinen.jp | F44: リハビリテーション部 | G44: 242 | H44: 39 | I44: 22 | J44: 届け出はしていないが、現在検討中である | K44: 関節可動域運動, 筋力増強運動, DVT予防, リラクセーション, ポジショニング, 自主運動指導, 術後リハビリテーションのオリエンテーション, 離床（例：車椅子移乗,立位,歩行など） | L44: 全症例の0％〜24％程度 | N44: 全症例の0％〜24％程度 | P44: 全症例の0％〜24％程度 | R44: 全症例の0％〜24％程度 | T44: 握力, 膝伸展筋力, 5回椅子立ち上がりテスト, 歩行速度, TUG, 開眼片脚立位時間, 骨格筋量指数（SMI） | V44: TUG, 認知機能, 握力 | X44: 立ち上がりテスト | Z44: Barthel Index（BI）, FIM | AB44: MMSE, HDS-R, MoCA | AD44: 定量的な下肢筋力測定, 開眼片脚立位時間, TUG, 10m歩行速度, Berg Balance Scale（BBS）, 5回椅子立ち上がりテスト, 認知機能, 注意障害, せん妄, 転倒恐怖感, 過去の転倒歴, 既往疾患の有無（脳血管疾患、パーキンソン病など）, ベッド周囲および病室環境 | AF44: 決まっている | AG44: 術後２週間後、退院時 | AI44: 下肢筋力強化, バランス練習, 歩行練習, 歩容改善, 起立、着座動作練習, 環境調整, 補助具、装具の適正化, 認知面への介入, 行動面への介入, 教育、指導
A45: 46085.77 | B45: 鷺池 一幸 | C45: 独立行政法人国立病院機構 相模原病院 | D45: 神奈川県 | E45: sagiike.kazuyuki.ka@mail.hosp.go.jp | F45: 理学療法士 | G45: 159 | H45: 11 | I45: 7 | J45: 届け出をしておらず、検討もしていない | K45: 関節可動域運動, 筋力増強運動, 呼吸リハビリテーション, リラクセーション, ポジショニング, 自主運動指導, 術後リハビリテーションのオリエンテーション | L45: 全症例の75％〜100％程度 | M45: 早期介入 | N45: 全症例の25％〜49％程度 | P45: 全症例の25％〜49％程度 | R45: 全症例の25％〜49％程度 | T45: 実施していない | U45: マンパワー不足のため介入時間が取れていない。 | V45: 実施していない | W45: マンパワー不足のため介入時間が取れていない。 | X45: 実施していない | Y45: マンパワー不足のため介入時間が取れていない。 | Z45: Barthel Index（BI） | AB45: 実施していない | AC45: マンパワー不足のため介入時間が取れていない。 | AD45: ベッド周囲および病室環境 | AF45: 決まっていない | AI45: 下肢筋力強化, バランス練習, 歩行練習, 歩容改善, 起立、着座動作練習, 環境調整, 教育、指導
A46: 46085.772 | B46: 河合卓哉 | C46: 医療法人藤井会 大東中央病院 | D46: 大阪府 | E46: daitoreha.fujiikai@gmail.com | F46: リハビリテーション室/理学療法士 | G46: 150 | H46: 8 | I46: 0 | J46: 届け出をしておらず、検討もしていない | K46: 関節可動域運動, 筋力増強運動, DVT予防, リラクセーション, ポジショニング, 自主運動指導, 術後リハビリテーションのオリエンテーション | L46: 全症例の0％〜24％程度 | N46: 全症例の0％〜24％程度 | P46: 全症例の0％〜24％程度 | R46: 全症例の0％〜24％程度 | T46: 実施していない | U46: 急性期であり、疼痛や筋力低下等が強く評価実施が困難なため。 | V46: 実施していない | W46: 急性期であり、疼痛や筋力低下等が強く評価実施が困難なため。 | X46: 実施していない | Y46: 急性期であり、疼痛や筋力低下等が強く評価実施が困難なため。 | Z46: FIM | AB46: HDS-R | AD46: 実施していない | AI46: 下肢筋力強化, 起立、着座動作練習, 環境調整, 教育、指導
A47: 46086.567 | B47: 國分 隆行 | C47: 社会医療法人恵仁会くろさわ病院 | D47: 長野県 | E47: k1260@keijinnet.or.jp | F47: リハビリテーションセンター／理学療法士 | G47: 89 | H47: 20 | I47: 10 | J47: 届け出をしておらず、検討もしていない | K47: 関節可動域運動, 筋力増強運動, DVT予防, リラクセーション, ポジショニング, 術後リハビリテーションのオリエンテーション | L47: 全症例の25％〜49％程度 | N47: 全症例の50％〜74％程度 | P47: 全症例の0％〜24％程度 | R47: 全症例の0％〜24％程度 | T47: TUG, 下腿周径 | V47: TUG | X47: 実施していない | Y47: 必要性を感じていない | Z47: Barthel Index（BI）, FIM | AB47: MMSE, HDS-R, MoCA | AD47: TUG, 認知機能 | AF47: 決まっている | AG47: 術後14日、30日、90日、120日、365日 | AI47: 下肢筋力強化, バランス練習, 歩行練習, 歩容改善, 起立、着座動作練習, 環境調整, 補助具、装具の適正化, 認知面への介入, 行動面への介入, 教育、指導
A48: 46086.652 | B48: 青柳秀和 | C48: 八潮中央総合病院 | D48: 埼玉県 | E48: hidekazu.aoyagi@yashio-cgh.jp | F48: リハビリテーション科/理学療法士 | G48: 80 | H48: 17 | I48: 8 | J48: 届け出はしていないが、現在検討中である | K48: 関節可動域運動, 筋力増強運動, 呼吸リハビリテーション, DVT予防, リラクセーション, ポジショニング, 自主運動指導 | L48: 全症例の25％〜49％程度 | N48: 全症例の0％〜24％程度 | P48: 全症例の0％〜24％程度 | R48: 全症例の0％〜24％程度 | T48: 歩行速度, TUG, 開眼片脚立位時間 | V48: TUG, 認知機能 | X48: 実施していない | Y48: 現場の教育、体制整備ができていないため。 | Z48: Barthel Index（BI） | AB48: MMSE, AMTS | AD48: Berg Balance Scale（BBS） | AF48: 決まっている | AG48: 退院前日 | AI48: 下肢筋力強化, バランス練習, 歩行練習, 歩容改善, 起立、着座動作練習, 環境調整, 補助具、装具の適正化, 認知面への介入, 行動面への介入, 教育、指導
A49: 46086.736 | B49: 滝口孝彦 | C49: 公立学校共済組合 東北中央病院 | D49: 山形県 | E49: rihabiri@tohoku-ctr-hsp.com | G49: 91 | H49: 12 | I49: 2 | J49: 届け出をしておらず、検討もしていない | K49: 関節可動域運動, 筋力増強運動, 自主運動指導, 術後リハビリテーションのオリエンテーション | L49: 全症例の25％〜49％程度 | M49: 術前のオリエンテーションと早期介入 | N49: 全症例の0％〜24％程度 | P49: 全症例の0％〜24％程度 | R49: 全症例の0％〜24％程度 | T49: 握力, 膝伸展筋力 | V49: 認知機能, 握力 | X49: 実施していない | Y49: ケースによって実施 | Z49: FIM | AB49: 実施していない | AC49: 心理療法士に依頼 | AD49: 10m歩行速度, 深部感覚評価, 認知機能, 過去の転倒歴, 既往疾患の有無（脳血管疾患、パーキンソン病など） | AF49: 決まっていない | AH49: ケースによる | AI49: 下肢筋力強化, バランス練習, 歩行練習, 歩容改善, 起立、着座動作練習, 環境調整, 補助具、装具の適正化
A50: 46086.767 | B50: 伊藤 佳歩 | C50: 医療法人法美宝 総合青山病院 | D50: 愛知県 | E50: r1682702@sc.sozo.ac.jp | F50: リハビリテーション技術室/理学療法士 | G50: 20 | H50: 16 | I50: 6 | J50: 現在、算定している | K50: 関節可動域運動, 筋力増強運動, DVT予防, ポジショニング, 自主運動指導, 術後リハビリテーションのオリエンテーション, 離床（例：車椅子移乗,立位,歩行など） | L50: 全症例の0％〜24％程度 | N50: 全症例の25％〜49％程度 | P50: 全症例の50％〜74％程度 | Q50: 廃用予防、DVT予防 | R50: 全症例の0％〜24％程度 | T50: 下腿周径 | V50: 実施していない | W50: 評価→リハビリの体制が構築されていない 個々のリハビリに委ねられている | X50: 実施していない | Y50: 評価→リハビリの体制が構築されていない 個々のリハビリに委ねられている | Z50: Barthel Index（BI）, FIM | AB50: MMSE, HDS-R | AD50: 5回椅子立ち上がりテスト, 認知機能, 転倒恐怖感, 過去の転倒歴, 既往疾患の有無（脳血管疾患、パーキンソン病など） | AF50: わからない | AI50: 下肢筋力強化, バランス練習, 歩行練習, 歩容改善, 起立、着座動作練習, 環境調整, 補助具、装具の適正化, 行動面への介入, 薬剤調整, 教育、指導
A51: 46086.789 | B51: 水野理惠 | C51: 横浜市立みなと赤十字病院 | D51: 神奈川県 | E51: r-mizuno.pj@yokohama.jrc.or.jp | F51: リハビリテーション科 理学療法士 | G51: 175 | H51: 21 | I51: 10 | J51: 届け出はしていないが、現在検討中である | K51: 関節可動域運動, 筋力増強運動, DVT予防, ポジショニング, 自主運動指導, 術後リハビリテーションのオリエンテーション | L51: 全症例の75％〜100％程度 | M51: 全身状態を確認の上、安静度の制限がない限り手術翌日離床を予定や目標にしているため。 | N51: 全症例の0％〜24％程度 | P51: 全症例の0％〜24％程度 | R51: 全症例の0％〜24％程度 | T51: 握力 | V51: 握力 | X51: 実施していない | Y51: 術後10日前後で転院となるため、機能的に困難なケースが多いため。 | Z51: Barthel Index（BI） | AB51: MMSE, AMTS | AD51: 認知機能 | AF51: 決まっている | AG51: 術後10日 | AI51: 下肢筋力強化, バランス練習, 歩行練習, 起立、着座動作練習, 補助具、装具の適正化
A52: 46087.301 | B52: 和田 真明 | C52: 三田市民病院 | D52: 兵庫県 | E52: wdmsk214@gmail.com | F52: リハビリテーション科／理学療法士 | G52: 205 | H52: 12 | I52: 5 | J52: 届け出はしていないが、現在検討中である | K52: 関節可動域運動, 筋力増強運動, 呼吸リハビリテーション, リラクセーション, 術後リハビリテーションのオリエンテーション | L52: 全症例の50％〜74％程度 | M52: リラクゼーションやポジショニング、服薬コントロールなどを実施しています | N52: 全症例の0％〜24％程度 | P52: 全症例の0％〜24％程度 | R52: 全症例の0％〜24％程度 | T52: 握力, 5回椅子立ち上がりテスト, 歩行速度, SPPB, 下腿周径 | V52: 握力 | X52: 実施していない | Y52: サルコペニア フレイル評価をしているため | Z52: Barthel Index（BI） | AB52: MMSE | AD52: 5回椅子立ち上がりテスト, 転倒リスク評価表（厚生労働省） | AF52: 決まっている | AG52: 退院前日 | AI52: 下肢筋力強化, バランス練習, 歩行練習, 歩容改善, 起立、着座動作練習, 環境調整, 補助具、装具の適正化, 認知面への介入, 教育、指導
A53: 46087.39 | B53: 阿部寛子 | C53: 大館市立総合病院 | D53: 秋田県 | E53: hirori09073234721@gmail.com | F53: リハビリテーション科/理学療法士 | G53: 97 | H53: 12 | I53: 2 | J53: 届け出をしておらず、検討もしていない | K53: 筋力増強運動, 認知評価 | L53: 全症例の50％〜74％程度 | M53: 疼痛コントロール | N53: 全症例の25％〜49％程度 | P53: 全症例の0％〜24％程度 | R53: 全症例の0％〜24％程度 | T53: 握力, 5回椅子立ち上がりテスト, 歩行速度, SPPB | V53: 握力 | X53: 立ち上がりテスト, 2ステップテスト | Z53: Barthel Index（BI） | AB53: AMTS | AD53: SPPB、Functional Reach Test（FRT）, 5回椅子立ち上がりテスト, 転倒恐怖感 | AF53: 決まっている | AG53: 30日、120日、180日、365日 | AI53: 下肢筋力強化, バランス練習, 歩行練習, 補助具、装具の適正化, 教育、指導
A54: 46087.535 | B54: 加藤 望 | C54: 青森労災病院 | D54: 青森県 | E54: rihaka@aomorih.johas.go.jp | G54: 55 | H54: 14 | I54: 0 | J54: 届け出をしておらず、検討もしていない | K54: 関節可動域運動, 筋力増強運動, DVT予防, リラクセーション, ポジショニング, 自主運動指導, 術後リハビリテーションのオリエンテーション | L54: 全症例の50％〜74％程度 | N54: 全症例の50％〜74％程度 | P54: 全症例の0％〜24％程度 | R54: 全症例の0％〜24％程度 | T54: 膝伸展筋力, TUG, 下腿周径 | V54: 実施していない | X54: 実施していない | Z54: FIM | AB54: 実施していない | AC54: 臨床心理士が実施しているため | AD54: 実施していない | AI54: 下肢筋力強化, バランス練習, 歩行練習, 歩容改善, 起立、着座動作練習, 環境調整, 補助具、装具の適正化, 認知面への介入, 行動面への介入, 教育、指導
A55: 46087.587 | B55: 後藤田 晶 | C55: 吉野川医療センター | D55: 徳島県 | E55: seikeiope@ja-ymc.jp | F55: リハビリテーション科/理学療法士 | G55: 289 | H55: 10 | I55: 4 | J55: 届け出はしていないが、現在検討中である | K55: 関節可動域運動, 筋力増強運動, DVT予防, リラクセーション, ポジショニング, 自主運動指導, 術後リハビリテーションのオリエンテーション | L55: 全症例の0％〜24％程度 | N55: 全症例の0％〜24％程度 | P55: 全症例の0％〜24％程度 | R55: 全症例の0％〜24％程度 | T55: 開眼片脚立位時間, 下腿周径 | V55: 認知機能 | X55: 立ち上がりテスト | Z55: Barthel Index（BI）, FIM | AB55: HDS-R | AD55: 定量的な下肢筋力測定, 10m歩行速度 | AF55: 決まっている | AG55: 術後14日目 | AI55: 下肢筋力強化, バランス練習, 歩行練習, 歩容改善, 認知面への介入, 行動面への介入, 教育、指導
A56: 46087.775 | B56: 守屋大輔 | C56: 佐野厚生総合病院 | D56: 栃木県 | E56: reha@jasanoko.or.jp | F56: リハビリテーション科／理学療法士 | G56: 167 | H56: 5 | I56: 0 | J56: 届け出はしていないが、現在検討中である | K56: 関節可動域運動, 筋力増強運動, DVT予防, リラクセーション, ポジショニング, 自主運動指導, 術後リハビリテーションのオリエンテーション | L56: 全症例の0％〜24％程度 | N56: 全症例の0％〜24％程度 | P56: 全症例の0％〜24％程度 | R56: 全症例の0％〜24％程度 | T56: 握力, 開眼片脚立位時間, 骨格筋量指数（SMI）, 下腿周径 | V56: 認知機能, 握力 | X56: 立ち上がりテスト, 2ステップテスト | Z56: FIM | AB56: HDS-R | AD56: 開眼片脚立位時間, 認知機能 | AF56: 決まっていない | AH56: 術後2週間以内にとしており、疼痛など患者によりかなり違いがあるため、何日目とはしていないではばをもたせている | AI56: 下肢筋力強化, バランス練習, 歩行練習, 歩容改善, 起立、着座動作練習, 環境調整, 補助具、装具の適正化, 認知面への介入, 行動面への介入, 薬剤調整, 教育、指導
A57: 46087.778 | B57: 山口 和久 | C57: 国家公務員共済組合連合会 横浜栄共済病院 | D57: 神奈川県 | E57: r4-retion@yokohamasakae.jp | F57: リハビリテーション科／理学療法士 | G57: 180 | H57: 12 | I57: 0 | J57: 届け出をしておらず、検討もしていない | K57: 関節可動域運動, 筋力増強運動, DVT予防, ポジショニング, 自主運動指導, 術後リハビリテーションのオリエンテーション | L57: 全症例の25％〜49％程度 | N57: 全症例の0％〜24％程度 | P57: 全症例の0％〜24％程度 | R57: 全症例の0％〜24％程度 | T57: 握力, 膝伸展筋力 | V57: 握力 | X57: 実施していない | Y57: ロコモ評価は、急性期術後の患者（約２週間程度の入院期間）で実施するには内容が難しい | Z57: Barthel Index（BI） | AB57: 実施していない | AC57: 業務分担しており、当院では臨床心理師がAMTSの評価を担当している | AD57: 定量的な下肢筋力測定, 深部感覚評価, 認知機能, 転倒恐怖感, 既往疾患の有無（脳血管疾患、パーキンソン病など） | AF57: 決まっていない | AH57: 決まっていない理由は特にありません。特別事前にルールも設けてはいません。 ただし、全ての評価を同日日に実施する事が時間的に制約を受けることはあります。 | AI57: 下肢筋力強化, 歩行練習, 歩容改善, 起立、着座動作練習, 補助具、装具の適正化, 教育、指導
A58: 46087.799 | B58: 稲垣忍 | C58: 桑名市総合医療センター | D58: 三重県 | E58: pt.inaketsu@gmail.com | F58: リハビリテーション室 理学療法士 | G58: 126 | H58: 1 | I58: 1 | J58: 届け出をしておらず、検討もしていない | K58: 実施していない | L58: 全症例の50％〜74％程度 | N58: 全症例の0％〜24％程度 | P58: 全症例の0％〜24％程度 | R58: 全症例の0％〜24％程度 | T58: 実施していない | V58: 実施していない | X58: 実施していない | Z58: FIM | AB58: MMSE, HDS-R | AD58: 実施していない | AI58: 下肢筋力強化, バランス練習, 歩行練習, 歩容改善, 起立、着座動作練習, 環境調整, 補助具、装具の適正化
A59: 46087.817 | B59: 口石智秀 | C59: 国立病院機構熊本再春医療センター | D59: 熊本県 | E59: kuchiishi.tomohide.ct@mail.hosp.go.jp | F59: リハビリテーション科/理学療法士 | G59: 90 | H59: 11 | I59: 0 | J59: 届け出をしておらず、検討もしていない | K59: 筋力増強運動, 術後リハビリテーションのオリエンテーション | L59: 全症例の0％〜24％程度 | N59: 全症例の0％〜24％程度 | P59: 全症例の0％〜24％程度 | R59: 全症例の0％〜24％程度 | T59: 握力, 膝伸展筋力, 歩行速度, TUG, 開眼片脚立位時間 | V59: TUG, 握力 | X59: 実施していない | Z59: Barthel Index（BI）, FIM | AB59: MMSE, HDS-R, MoCA | AD59: 10m歩行速度 | AF59: 決まっていない | AI59: 下肢筋力強化, バランス練習, 歩行練習, 起立、着座動作練習, 環境調整, 補助具、装具の適正化, 教育、指導
A60: 46087.867 | B60: 尾崎 泰 | C60: 大阪府済生会中津病院 | D60: 大阪府 | E60: y_ozaki@nakatsu.saiseikai.or.jp | F60: リハビリテーション技術部/理学療法士 | G60: 104 | H60: 14 | I60: 3 | J60: 現在、算定している | K60: 実施していない | L60: 全症例の0％〜24％程度 | N60: 全症例の25％〜49％程度 | P60: 全症例の0％〜24％程度 | R60: 全症例の0％〜24％程度 | T60: 握力, 5回椅子立ち上がりテスト | V60: 握力 | X60: 立ち上がりテスト, 2ステップテスト | Z60: Barthel Index（BI） | AB60: HDS-R | AD60: 実施していない | AE60: あえて、決まった評価は実施していない。必要性に応じて個別で実施。 | AI60: 下肢筋力強化, バランス練習, 歩行練習, 環境調整, 教育、指導
A61: 46087.97 | B61: 坂口知義 | C61: 岡山労災病院 | D61: 岡山県 | E61: tomoyoshi0127@gmail.com | F61: 中央リハビリテーション部／理学療法士 | G61: 20 | H61: 14 | I61: 3 | J61: 届け出はしていないが、現在検討中である | K61: 関節可動域運動, 筋力増強運動, 呼吸リハビリテーション, DVT予防, ポジショニング, 術後リハビリテーションのオリエンテーション | L61: 全症例の50％〜74％程度 | M61: 痛みが落ち着けば二日目より歩けるので、翌日は端座位までで、急いで進めていないです。 | N61: 全症例の25％〜49％程度 | P61: 全症例の0％〜24％程度 | R61: 全症例の0％〜24％程度 | T61: 5回椅子立ち上がりテスト, 歩行速度, TUG, 開眼片脚立位時間 | V61: TUG | X61: 実施していない | Z61: Barthel Index（BI）, FIM | AB61: MMSE, HDS-R | AD61: 開眼片脚立位時間, TUG, 10m歩行速度, 5回椅子立ち上がりテスト | AF61: 決まっていない | AH61: 病棟の安静度を決める際に評価するため、日にちは個人差があり決めてない。 | AI61: 下肢筋力強化, バランス練習, 歩行練習, 起立、着座動作練習
A62: 46088.329 | B62: 吉川 祐樹 | C62: 北海道社会事業協会帯広病院 | D62: 北海道 | E62: y-kichikawa@obihiro-kyokai-hsp.jp | F62: リハビリテーション科／理学療法士 | G62: 49 | H62: 9 | I62: 3 | J62: 届け出をしておらず、検討もしていない | K62: 関節可動域運動, 筋力増強運動, 呼吸リハビリテーション, リラクセーション, ポジショニング, 術後リハビリテーションのオリエンテーション | L62: 全症例の50％〜74％程度 | M62: 炎症、腫脹管理、リラクセーション、ポジショニング | N62: 全症例の0％〜24％程度 | P62: 全症例の0％〜24％程度 | R62: 全症例の0％〜24％程度 | T62: 下腿周径 | V62: 実施していない | W62: フレイル目的で評価をしていないため。機能、能力判定に評価をしている。 | X62: 実施していない | Y62: ロコモティブシンドローム目的で評価していないため。 | Z62: Barthel Index（BI） | AB62: MMSE, HDS-R | AD62: 実施していない | AE62: FLS活動の一環として実施していないため。能力把握で評価はしている項目あり。 | AI62: 下肢筋力強化, バランス練習, 歩行練習, 歩容改善, 起立、着座動作練習, 環境調整, 補助具、装具の適正化, 認知面への介入, 教育、指導
A63: 46088.548 | B63: 相原 徹也 | C63: 新座志木中央総合病院 | D63: 埼玉県 | E63: t_kodaka@tmg.or.jp | F63: リハビリテーション科/理学療法士 | G63: 269 | H63: 45 | I63: 0 | J63: 現在、算定している | K63: 関節可動域運動, 筋力増強運動, DVT予防, リラクセーション, ポジショニング, 自主運動指導, 術後リハビリテーションのオリエンテーション | L63: 全症例の0％〜24％程度 | N63: 全症例の0％〜24％程度 | P63: 全症例の0％〜24％程度 | R63: 全症例の0％〜24％程度 | T63: 握力, 下腿周径 | V63: 認知機能, 握力 | X63: ロコモ25（質問票） | Z63: Barthel Index（BI）, FIM | AB63: HDS-R | AD63: 定量的な下肢筋力測定, 深部感覚評価, 認知機能, 過去の転倒歴, 既往疾患の有無（脳血管疾患、パーキンソン病など）, ベッド周囲および病室環境 | AF63: 決まっている | AG63: 術後1日目，術後14日目 | AI63: 下肢筋力強化, バランス練習, 歩行練習, 歩容改善, 起立、着座動作練習, 環境調整, 補助具、装具の適正化, 認知面への介入, 行動面への介入, 教育、指導
A64: 46090.376 | B64: 佐藤大樹 | C64: 社会福祉法人函館厚生院函館五稜郭病院 | D64: 北海道 | E64: gaburichu_takeshi@icloud.com | F64: 作業療法士 | G64: 146 | H64: 36 | I64: 5 | J64: 届け出はしていないが、現在検討中である | K64: 関節可動域運動, 筋力増強運動, 呼吸リハビリテーション, DVT予防, リラクセーション, ポジショニング, 自主運動指導, 術後リハビリテーションのオリエンテーション, 離床（例：車椅子移乗,立位,歩行など） | L64: 全症例の75％〜100％程度 | M64: 特別な対応なし | N64: 全症例の25％〜49％程度 | P64: 全症例の25％〜49％程度 | R64: 全症例の0％〜24％程度 | T64: 握力, 膝伸展筋力, 歩行速度, TUG | V64: TUG, 認知機能, 握力 | X64: 実施していない | Y64: 現状大腿骨骨折のみを対象としているため，病前実施ができない．質問紙は認知機能の問題や労力の観点から実施が難しい． | Z64: Barthel Index（BI）, FIM | AB64: HDS-R, AMTS | AD64: 定量的な下肢筋力測定, 認知機能 | AF64: 決まっていない | AH64: 科内として定期的な取り決めはあるが，施設FLS活動として具体的には決めてはいない．術前の認知機能検査，握力測定は極力実施するよう決めている． | AI64: 下肢筋力強化, バランス練習, 歩行練習, 歩容改善, 起立、着座動作練習, 環境調整, 補助具、装具の適正化, 認知面への介入, 行動面への介入, 教育、指導
A65: 46090.404 | B65: 木村英司 | C65: 中部国際医療センター | D65: 岐阜県 | E65: riha@cjimc-hp.jp | F65: リハビリテーション技術部/理学療法士 | G65: 500 | H65: 10 | I65: 4 | J65: 届け出はしていないが、現在検討中である | K65: 関節可動域運動, DVT予防, ポジショニング, 術後リハビリテーションのオリエンテーション, 離床（例：車椅子移乗,立位,歩行など） | L65: 全症例の0％〜24％程度 | N65: 全症例の0％〜24％程度 | P65: 全症例の0％〜24％程度 | R65: 全症例の0％〜24％程度 | T65: 握力, TUG, 下腿周径 | V65: TUG, 認知機能, 握力 | X65: 立ち上がりテスト | Z65: FIM | AB65: MMSE, HDS-R | AD65: 定量的な下肢筋力測定, TUG, 10m歩行速度, 認知機能, 過去の転倒歴, NRS | AF65: 決まっていない | AH65: 適宜となります。 | AI65: 下肢筋力強化, バランス練習, 歩行練習, 歩容改善, 起立、着座動作練習, 環境調整, 補助具、装具の適正化, 認知面への介入, 教育、指導
A66: 46090.405 | B66: 中 翔一郎 | C66: 特定医療法人 明徳会 佐藤第一病院 | D66: 大分県 | E66: meitokukai-rh@sato-d1.com | F66: リハビリテーション部 理学療法士 | G66: 66 | H66: 11 | I66: 5 | J66: 現在、算定している | K66: 関節可動域運動, リラクセーション, ポジショニング, 術後リハビリテーションのオリエンテーション | L66: 全症例の50％〜74％程度 | M66: 物理療法など電気刺激療法（TENS）による疼痛緩和など | N66: 全症例の25％〜49％程度 | P66: 全症例の0％〜24％程度 | Q66: 徒手、物理療法を全症例実施し、術後早期より起立練習を実施している（回数確認） | R66: 全症例の0％〜24％程度 | T66: 握力 | V66: 握力 | X66: 実施していない | Y66: 急性疾患の評価を優先しており、ロコモでも視点で評価していない | Z66: Barthel Index（BI） | AB66: MMSE, HDS-R | AD66: 実施していない | AE66: 施設内で定めている評価はないが、FBS、TUG、FRIや環境調整などを適時スタッフが個別に実施している | AH66: 多様な疾患の方が入院してくる施設であり、統一することが難しい | AI66: 下肢筋力強化, バランス練習, 歩行練習, 歩容改善, 起立、着座動作練習, 環境調整, 補助具、装具の適正化, 認知面への介入, 教育、指導
A67: 46090.543 | B67: 中西 亨 | C67: 医療法人大医会 日進おりど病院 | D67: 愛知県 | E67: orido_reha@daiikai.jp | F67: リハビリテーション科/理学療法士 | G67: 61 | H67: 11 | I67: 3 | J67: 届け出をしておらず、検討もしていない | K67: 関節可動域運動, 筋力増強運動, リラクセーション, ポジショニング, 自主運動指導, 離床（例：車椅子移乗,立位,歩行など） | L67: 全症例の0％〜24％程度 | N67: 全症例の25％〜49％程度 | P67: 全症例の0％〜24％程度 | R67: 全症例の0％〜24％程度 | T67: SPPB | V67: 認知機能 | X67: 立ち上がりテスト | Z67: FIM | AB67: MMSE, HDS-R, AMTS | AD67: 開眼片脚立位時間, SPPB、Functional Reach Test（FRT）, 認知機能, SIDE | AF67: 決まっている | AG67: 14日目にSPPB、MMSE評価 | AI67: 下肢筋力強化, バランス練習, 歩行練習, 歩容改善, 起立、着座動作練習, 環境調整, 補助具、装具の適正化, 認知面への介入, 行動面への介入, 教育、指導
A68: 46090.64 | B68: 河合 賢太郎 | C68: 大垣市民病院 | D68: 岐阜県 | E68: giants.kawa.kami.g@gmail.com | F68: リハビリテーション科／理学療法士 | G68: 198 | H68: 8 | I68: 0 | J68: 届け出はしていないが、現在検討中である | K68: 関節可動域運動, 筋力増強運動, 呼吸リハビリテーション, DVT予防, リラクセーション, ポジショニング, 自主運動指導, 術後リハビリテーションのオリエンテーション, 離床（例：車椅子移乗,立位,歩行など） | L68: 全症例の0％〜24％程度 | N68: 全症例の0％〜24％程度 | P68: 全症例の0％〜24％程度 | R68: 全症例の0％〜24％程度 | T68: 実施していない | U68: 評価する時間が取れない | V68: 実施していない | W68: 評価する時間がとれない | X68: 実施していない | Y68: 評価する時間が取れない | Z68: Barthel Index（BI） | AB68: 実施していない | AC68: 看護師が認知機能検査を実施するため | AD68: 実施していない | AE68: 必要があれば実施しているが、実施することが定められてはいない。 | AH68: 必要があれば実施しているが、全症例に共通した評価をする時間が取れない | AI68: 下肢筋力強化, バランス練習, 歩行練習, 歩容改善, 起立、着座動作練習, 環境調整, 補助具、装具の適正化, 認知面への介入, 行動面への介入, 薬剤調整, 教育、指導
A69: 46091.351 | B69: 山根 健太 | C69: 鳥取県立中央病院 | D69: 鳥取県 | E69: y.kenta.chubyoriha.pt@gmail.com | F69: リハビリテーション室／理学療法士 | G69: 90 | H69: 10 | I69: 7 | J69: 届け出はしていないが、現在検討中である | K69: 関節可動域運動, 筋力増強運動, DVT予防, リラクセーション, ポジショニング, 自主運動指導, 術後リハビリテーションのオリエンテーション | L69: 全症例の0％〜24％程度 | N69: 全症例の0％〜24％程度 | P69: 全症例の25％〜49％程度 | R69: 全症例の0％〜24％程度 | T69: TUG | V69: TUG | X69: 実施していない | Y69: 限られた時間の中で早期離床への課題を中心に取り組み、可能となれば早期に転院となるため | Z69: Barthel Index（BI）, FIM | AB69: MMSE, HDS-R, AMTS | AD69: TUG, 認知機能, せん妄, 過去の転倒歴, 既往疾患の有無（脳血管疾患、パーキンソン病など）, 薬剤（向精神薬、降圧薬、利尿薬、ポリファーマシーなど）, ベッド周囲および病室環境 | AF69: 決まっていない | AH69: FLSとしての活動が不十分だから | AI69: 下肢筋力強化, バランス練習, 歩行練習, 歩容改善, 起立、着座動作練習, 環境調整, 補助具、装具の適正化, 認知面への介入, 行動面への介入, 教育、指導
A70: 46091.392 | B70: 柳川 明義 | C70: 社会医療法人信愛会畷生会脳神経外科病院 | D70: 大阪府 | E70: ak.yanagawa@tesseikai.jp | F70: リハビリテーション科／作業療法士 | G70: 108 | H70: 25 | I70: 0 | J70: 届け出はしていないが、現在検討中である | K70: 実施していない | L70: 全症例の0％〜24％程度 | N70: 全症例の0％〜24％程度 | P70: 全症例の0％〜24％程度 | R70: 全症例の0％〜24％程度 | T70: 握力, 膝伸展筋力, 5回椅子立ち上がりテスト, 歩行速度, SPPB, TUG, 6分間歩行距離, 開眼片脚立位時間, 下腿周径 | V70: TUG, 6分間歩行距離, 認知機能 | X70: 実施していない | Y70: ロコモティブシンドロームをそれほど考慮したリハビリを実施していない | Z70: Barthel Index（BI）, FIM | AB70: HDS-R | AD70: 定量的な下肢筋力測定, 開眼片脚立位時間, TUG, 10m歩行速度, 過去の転倒歴, 既往疾患の有無（脳血管疾患、パーキンソン病など）, ベッド周囲および病室環境 | AF70: 決まっていない | AH70: 必要に応じて（対象者に応じて）実施する為 | AI70: 下肢筋力強化, バランス練習, 歩行練習, 歩容改善, 起立、着座動作練習, 環境調整, 補助具、装具の適正化, 教育、指導
A71: 46091.4 | B71: 内藤浩平 | C71: 西の京病院 | D71: 奈良県 | E71: ols@nishinokyo.or.jp | F71: 明道知巳 | G71: 83 | H71: 19 | I71: 7 | J71: 現在、算定している | K71: 関節可動域運動, 筋力増強運動, リラクセーション, ポジショニング, 自主運動指導, 術後リハビリテーションのオリエンテーション, 術前評価とADL指導（移乗・トイレ動作）、安静度の決定など | L71: 全症例の25％〜49％程度 | N71: 全症例の0％〜24％程度 | P71: 全症例の0％〜24％程度 | R71: 全症例の0％〜24％程度 | T71: 握力, 膝伸展筋力, 5回椅子立ち上がりテスト, 歩行速度, SPPB, TUG, 開眼片脚立位時間, 下腿周径 | V71: TUG, 握力 | X71: 立ち上がりテスト | Z71: Barthel Index（BI）, FIM | AB71: HDS-R | AD71: 実施していない | AE71: 転棟があったケースについては原因確認し、対策を検討するがすべてのケースに決まった評価は実施できていない。 | AI71: 下肢筋力強化, バランス練習, 歩行練習, 歩容改善, 起立、着座動作練習, 環境調整, 認知面への介入, 行動面への介入, 教育、指導
A72: 46091.418 | B72: 渡邉友彦 | C72: 長野市民病院 | D72: 長野県 | E72: tomohiko_watanabe@hospital.nagano.nagano.jp | F72: リハビリテーション科 理学療法士 | G72: 181 | H72: 8 | I72: 6 | J72: 届け出をしておらず、検討もしていない | K72: 主には実施していない。依頼があったときのみ。 | L72: 全症例の50％〜74％程度 | M72: 術翌日から介入しており、早期離床を目的としているから | N72: 全症例の25％〜49％程度 | P72: 全症例の25％〜49％程度 | R72: 全症例の25％〜49％程度 | T72: 膝伸展筋力, 歩行速度, 下腿周径 | V72: セラピストによって実施しているが、必ずやると決めていない | X72: 実施していない | Y72: 行うと決めていない | Z72: FIM | AB72: MMSE | AD72: 転倒リスク評価表で評価している | AF72: 決まっていない | AH72: 日にちまでは具体的に決めていない。1週のうちに行うようにしている。 | AI72: 下肢筋力強化, バランス練習, 歩行練習, 起立、着座動作練習, 環境調整, 認知面への介入
A73: 46091.429 | B73: 鵜鷹 正敏 | C73: 西脇市立西脇病院 | D73: 兵庫県 | E73: rehapt@nshp.jp | G73: 114 | H73: 17 | I73: 9 | J73: 届け出はしていないが、現在検討中である | K73: 実施していない | L73: 全症例の25％〜49％程度 | N73: 全症例の25％〜49％程度 | P73: 全症例の0％〜24％程度 | R73: 全症例の0％〜24％程度 | T73: 握力, 膝伸展筋力, 5回椅子立ち上がりテスト, 歩行速度, SPPB, 下腿周径, GNRI, 修正ＴＵＧ | V73: 認知機能, GNRI, 握力, 修正ＴＵＧ | X73: 立ち上がりテスト | Z73: Barthel Index（BI） | AB73: MMSE | AD73: 定量的な下肢筋力測定, 10m歩行速度, SPPB、Functional Reach Test（FRT）, 5回椅子立ち上がりテスト, 認知機能, 修正ＴＵＧ | AF73: 決まっている | AG73: 術後１ＷＥＥＫ，退院日含めた３日間 | AI73: 下肢筋力強化, バランス練習, 歩行練習, 歩容改善, 起立、着座動作練習, 補助具、装具の適正化, 認知面への介入
A74: 46091.511 | B74: 櫻井 亮佑 | C74: 社会福祉法人 聖霊会 聖霊病院 | D74: 愛知県 | E74: reha@seirei-hospital.org | F74: リハビリテーション科 作業療法士 | G74: 337 | H74: 17 | I74: 7 | J74: 届け出はしていないが、現在検討中である | K74: 関節可動域運動, 筋力増強運動, DVT予防, リラクセーション, ポジショニング, 自主運動指導, 術後リハビリテーションのオリエンテーション, 離床（例：車椅子移乗,立位,歩行など） | L74: 全症例の0％〜24％程度 | N74: 全症例の0％〜24％程度 | P74: 全症例の0％〜24％程度 | R74: 全症例の0％〜24％程度 | T74: 握力, 歩行速度, TUG | V74: TUG, 認知機能, 握力 | X74: 実施していない | Y74: 高齢の方が多いため | Z74: FIM | AB74: MMSE, HDS-R, AMTS | AD74: TUG, 10m歩行速度, 認知機能 | AF74: 決まっている | AG74: 認知機能は術後4～6日。TUG、10m歩行は術後13～15日。 | AI74: 下肢筋力強化, バランス練習, 歩行練習, 歩容改善, 起立、着座動作練習, 環境調整, 補助具、装具の適正化, 認知面への介入, 行動面への介入, 教育、指導
A75: 46091.523 | B75: 外川 慎吾 | C75: 公立学校共済組合 関東中央病院 | D75: 東京都 | E75: togawa1228@woody.ocn.ne.jp | F75: リハビリテーション室／理学療法士 | G75: 57 | H75: 9 | I75: 0 | J75: 届け出をしておらず、検討もしていない | K75: 関節可動域運動, 筋力増強運動, DVT予防, ポジショニング, 自主運動指導, 術後リハビリテーションのオリエンテーション, 離床（例：車椅子移乗,立位,歩行など） | L75: 全症例の0％〜24％程度 | N75: 全症例の25％〜49％程度 | P75: 全症例の25％〜49％程度 | R75: 全症例の0％〜24％程度 | T75: 握力, 歩行速度 | V75: 認知機能, 握力 | X75: 立ち上がりテスト | Z75: Barthel Index（BI） | AB75: HDS-R | AD75: 認知機能, 過去の転倒歴, 既往疾患の有無（脳血管疾患、パーキンソン病など） | AF75: 決まっている | AG75: 過去の転倒歴、既往歴は術前に聴取、把握 認知機能は術後2週間で実施 | AI75: 下肢筋力強化, バランス練習, 歩行練習, 歩容改善, 補助具、装具の適正化, 認知面への介入
A76: 46091.573 | B76: 漣 佳記 | C76: 神戸掖済会病院 | D76: 兵庫県 | E76: kobeekisaireha@yahoo.co.jp | F76: リハビリテーション部 理学療法士 | G76: 221 | H76: 20 | I76: 0 | J76: 届け出はしていないが、現在検討中である | K76: 実施していない | L76: 全症例の25％〜49％程度 | N76: 全症例の25％〜49％程度 | P76: 全症例の25％〜49％程度 | R76: 全症例の25％〜49％程度 | T76: 握力, 膝伸展筋力, SPPB, TUG, 下腿周径 | V76: TUG, 認知機能, 握力 | X76: 実施していない | Z76: Barthel Index（BI） | AB76: MMSE | AD76: TUG, 認知機能, 既往疾患の有無（脳血管疾患、パーキンソン病など） | AF76: 決まっている | AG76: 術後７日目、14日目 | AI76: 下肢筋力強化, バランス練習, 歩行練習, 起立、着座動作練習, 補助具、装具の適正化
A77: 46091.575 | B77: 横地正伸 | C77: 竹田綜合病院 | D77: 福島県 | E77: kaname@takeda.or.jp | G77: 246 | H77: 12 | I77: 7 | J77: 届け出はしていないが、現在検討中である | K77: 関節可動域運動, 筋力増強運動, DVT予防, リラクセーション, ポジショニング, 自主運動指導, 術後リハビリテーションのオリエンテーション, 離床（例：車椅子移乗,立位,歩行など） | L77: 全症例の75％〜100％程度 | N77: 全症例の0％〜24％程度 | P77: 全症例の0％〜24％程度 | R77: 全症例の0％〜24％程度 | T77: 握力, 下腿周径 | V77: 握力 | X77: 立ち上がりテスト, 2ステップテスト | Z77: FIM | AB77: HDS-R | AD77: TUG, 10m歩行速度, Berg Balance Scale（BBS） | AF77: 決まっていない | AI77: 下肢筋力強化, バランス練習, 歩行練習, 歩容改善, 起立、着座動作練習, 環境調整, 補助具、装具の適正化, 認知面への介入, 行動面への介入, 教育、指導
A78: 46091.74 | B78: 中村章喜 | C78: 名鉄病院 | D78: 岐阜県 | E78: akiyochi0922@gmail.com | F78: リハビリテーション科 理学療法士 | G78: 92 | H78: 5 | I78: 6 | J78: 届け出をしておらず、検討もしていない | K78: 実施していない | L78: 全症例の25％〜49％程度 | N78: 全症例の25％〜49％程度 | P78: 全症例の0％〜24％程度 | R78: 全症例の0％〜24％程度 | T78: 5回椅子立ち上がりテスト, SPPB, TUG | V78: TUG, 握力, SPPB、歩行速度、FRT、立ち上がりテスト | X78: 立ち上がりテスト | Z78: Barthel Index（BI）, FIM | AB78: MMSE, HDS-R | AD78: 実施していない | AE78: 組織的活動を実施していない。存じあげなかった。 | AF78: わからない | AI78: 下肢筋力強化, バランス練習, 歩行練習
A79: 46091.772 | B79: 小寺 一寿 | C79: 社会医療法人 杏嶺会 一宮西病院 | D79: 愛知県 | E79: a-takahashi@anzu.or.jp | F79: リハビリテーション技術部/理学療法士 | G79: 410 | H79: 28 | I79: 3 | J79: 届け出はしているが、算定していない | K79: 関節可動域運動, 筋力増強運動, DVT予防, リラクセーション, ポジショニング, 自主運動指導, 術後リハビリテーションのオリエンテーション | L79: 全症例の25％〜49％程度 | N79: 全症例の0％〜24％程度 | P79: 全症例の0％〜24％程度 | R79: 全症例の0％〜24％程度 | T79: 握力, 下腿周径 | V79: 認知機能, 握力 | X79: 実施していない | Z79: Barthel Index（BI）, FIM | AB79: HDS-R, AMTS | AD79: 認知機能, 既往疾患の有無（脳血管疾患、パーキンソン病など） | AF79: 決まっていない | AI79: 下肢筋力強化, バランス練習, 歩行練習, 歩容改善, 起立、着座動作練習, 環境調整, 補助具、装具の適正化, 認知面への介入, 教育、指導
A80: 46091.968 | B80: 鈴木 悠太 | C80: 石巻市立病院 | D80: 宮城県 | E80: rehabili@ishinomaki-city-hospital.jp | F80: リハビリテーション科/理学療法士 | G80: 90 | H80: 9 | I80: 4 | J80: 届け出をしておらず、検討もしていない | K80: 関節可動域運動, 筋力増強運動, DVT予防, 自主運動指導, 術後リハビリテーションのオリエンテーション, 離床（例：車椅子移乗,立位,歩行など） | L80: 全症例の25％〜49％程度 | N80: 全症例の0％〜24％程度 | P80: 全症例の0％〜24％程度 | R80: 全症例の0％〜24％程度 | T80: 握力, 膝伸展筋力, 歩行速度, TUG, 6分間歩行距離, 開眼片脚立位時間 | V80: TUG, 6分間歩行距離, 認知機能, 握力 | X80: 実施していない | Y80: 特になし | Z80: Barthel Index（BI）, FIM | AB80: MMSE, HDS-R, AMTS | AD80: 定量的な下肢筋力測定, 開眼片脚立位時間, TUG, 10m歩行速度, Berg Balance Scale（BBS）, SPPB、Functional Reach Test（FRT）, 深部感覚評価, 認知機能, 転倒恐怖感, 過去の転倒歴, 既往疾患の有無（脳血管疾患、パーキンソン病など）, 薬剤（向精神薬、降圧薬、利尿薬、ポリファーマシーなど）, ベッド周囲および病室環境 | AF80: 決まっていない | AH80: 特になし | AI80: 下肢筋力強化, バランス練習, 歩行練習, 歩容改善, 起立、着座動作練習, 環境調整, 補助具、装具の適正化, 薬剤調整, 教育、指導
A81: 46092.462 | B81: 石井 光治 | C81: 静岡済生会総合病院 | D81: 静岡県 | E81: iryohisho@siz.saiseikai.or.jp | F81: リハビリテーション科／理学療法士 | G81: 233 | H81: 29 | I81: 11 | J81: 現在、算定している | K81: DVT予防, ポジショニング, 自主運動指導, 術後リハビリテーションのオリエンテーション, 全身状態評価 | L81: 全症例の75％〜100％程度 | M81: 現在統一した対策はとっていない。まずは、クリニカルパスのアウトカム項目を変更し、術翌日立位ができなかった原因のより正確な情報をとれるような体制を整備しているところである。今後、その情報をもとにクリニカルパスなどを活用して疼痛コントロールをはかり術翌日の離床の促進をはかっていきたいと考えている。 | N81: 全症例の0％〜24％程度 | P81: 全症例の0％〜24％程度 | R81: 全症例の0％〜24％程度 | T81: 握力, 膝伸展筋力 | V81: 認知機能, 握力 | X81: 実施していない | Y81: 術後当院入院期間中では、パフォーマンステストが実施困難な機能・ADLの方がほとんどである | Z81: Barthel Index（BI） | AB81: MMSE, HDS-R | AD81: 実施していない | AE81: 各担当療法士が患者の状態やADLに合わせて適宜転倒リスク評価を行っていました。 | AI81: 下肢筋力強化, バランス練習, 歩行練習, 歩容改善, 起立、着座動作練習, 環境調整, 補助具、装具の適正化
A82: 46092.503 | B82: 江崎 千織 | C82: 独立行政法人労働者健康安全機構 香川労災病院 | D82: 香川県 | E82: reha@kagawah.johas.go.jp | F82: 森本 勝哉 | G82: 86 | H82: 3 | I82: 0 | J82: 届け出はしていないが、現在検討中である | K82: 関節可動域運動, 筋力増強運動, 呼吸リハビリテーション, DVT予防, リラクセーション, ポジショニング, 自主運動指導, 術後リハビリテーションのオリエンテーション, 離床（例：車椅子移乗,立位,歩行など） | L82: 全症例の50％〜74％程度 | M82: 内服調整、リハビリ時間調整、愛護的ROM-ex、アイシング | N82: 全症例の25％〜49％程度 | P82: 全症例の25％〜49％程度 | R82: 全症例の0％〜24％程度 | T82: 握力, 膝伸展筋力, 歩行速度, TUG, 開眼片脚立位時間, 下腿周径 | V82: TUG, 認知機能, 握力 | X82: 立ち上がりテスト, 2ステップテスト, ロコモ25（質問票） | Z82: Barthel Index（BI） | AB82: AMTS | AD82: 開眼片脚立位時間, Berg Balance Scale（BBS）, 深部感覚評価, 認知機能, 過去の転倒歴, 既往疾患の有無（脳血管疾患、パーキンソン病など）, ベッド周囲および病室環境 | AF82: 決まっていない | AH82: 術後せん妄等あり、患者一人一人に応じて実施。できるだけ長期評価を心がけている。 | AI82: 下肢筋力強化, バランス練習, 歩行練習, 歩容改善, 起立、着座動作練習, 環境調整, 補助具、装具の適正化, 認知面への介入, 教育、指導
A83: 46092.562 | B83: 三木 哲郎 | C83: 医療法人住友別子病院 | D83: 愛媛県 | E83: tetsuro_miki@ni.sbh.gr.jp | F83: リハビリテーション部 | G83: 211 | H83: 27 | I83: 13 | J83: 届け出をしておらず、検討もしていない | K83: 関節可動域運動, 筋力増強運動, DVT予防, ポジショニング | L83: 全症例の75％〜100％程度 | M83: 痛みが少なくなるような動作指導・介助方法の実施 | N83: 全症例の0％〜24％程度 | P83: 全症例の0％〜24％程度 | R83: 全症例の0％〜24％程度 | T83: 握力, 膝伸展筋力, 5回椅子立ち上がりテスト, 歩行速度, TUG, 6分間歩行距離, 開眼片脚立位時間, 骨格筋量指数（SMI） | V83: TUG, 6分間歩行距離, 握力 | X83: 立ち上がりテスト, 2ステップテスト, ロコモ25（質問票） | Z83: Barthel Index（BI）, FIM | AB83: MMSE, HDS-R, CBA | AD83: 定量的な下肢筋力測定, 開眼片脚立位時間, TUG, 10m歩行速度, 5回椅子立ち上がりテスト, 過去の転倒歴, 既往疾患の有無（脳血管疾患、パーキンソン病など）, 薬剤（向精神薬、降圧薬、利尿薬、ポリファーマシーなど）, ベッド周囲および病室環境 | AF83: 決まっていない | AH83: 荷重制限・患者の歩行獲得時期の差のため | AI83: 下肢筋力強化, バランス練習, 歩行練習, 歩容改善, 起立、着座動作練習, 環境調整, 補助具、装具の適正化, 認知面への介入, 教育、指導
A84: 46092.617 | B84: 井川晃一 | C84: 社会医療法人 石川記念会 HITO病院 | D84: 愛媛県 | E84: ikawa.kouichi@hito-medical.net | F84: 理学療法士 | G84: 119 | H84: 25 | I84: 17 | J84: 現在、算定している | K84: 関節可動域運動, 筋力増強運動, 呼吸リハビリテーション, DVT予防, ポジショニング, 自主運動指導, 離床（例：車椅子移乗,立位,歩行など） | L84: 全症例の0％〜24％程度 | N84: 全症例の0％〜24％程度 | P84: 全症例の0％〜24％程度 | R84: 全症例の0％〜24％程度 | T84: 実施していない | U84: 実施いている項目はあるが、サルコペ二アの評価を目的としては行っていない。何故していないか、理由としては無いです。見直し予定ではあります。 | V84: 実施していない | W84: 実施いている項目はあるが、フレイルの評価を目的としては行っていない。何故していないか、理由としては無いです。見直し予定ではあります。 | X84: 実施していない | Y84: 健康教室などでは行っているが、入院患者に実施していない。特に理由はない。 | Z84: Barthel Index（BI）, FIM | AB84: HDS-R | AD84: 定量的な下肢筋力測定, 10m歩行速度, 5回椅子立ち上がりテスト | AF84: 決まっている | AG84: 1週間毎 退院時 | AI84: 下肢筋力強化, バランス練習, 歩行練習, 起立、着座動作練習, 環境調整, 認知面への介入, 薬剤調整, 教育、指導
A85: 46092.744 | B85: 理学療法士 篠原晶子 | C85: 重工記念長崎病院 | D85: 長崎県 | E85: akiko_shinohara@jmnh.or.jp | F85: リハビリテーション科 | G85: 65 | H85: 18 | I85: 6 | J85: 届け出をしておらず、検討もしていない | K85: 関節可動域運動, 筋力増強運動, DVT予防, リラクセーション, ポジショニング, 自主運動指導, 術後リハビリテーションのオリエンテーション, 離床（例：車椅子移乗,立位,歩行など） | L85: 全症例の25％〜49％程度 | N85: 全症例の25％〜49％程度 | P85: 全症例の0％〜24％程度 | R85: 全症例の0％〜24％程度 | T85: 握力, 5回椅子立ち上がりテスト, 歩行速度, 6分間歩行距離, 開眼片脚立位時間, 下腿周径, SARC-F | V85: 握力 | X85: 立ち上がりテスト | Z85: FIM | AB85: MMSE, HDS-R | AD85: 定量的な下肢筋力測定, 開眼片脚立位時間, 10m歩行速度, 5回椅子立ち上がりテスト | AF85: 決まっている | AG85: １週間以内 | AI85: 下肢筋力強化, バランス練習, 歩行練習, 歩容改善, 起立、着座動作練習, 環境調整, 補助具、装具の適正化, 認知面への介入, 行動面への介入, 薬剤調整, 教育、指導
A86: 46093.363 | B86: 清水 幸平 | C86: 独立行政法人山梨県立病院機構山梨県立中央病院 | D86: 山梨県 | E86: ariura-ggdpi@ych.pref.yamanashi.jp | F86: リハビリテーションセンター 理学療法学科 理学療法士 | G86: 130 | H86: 15 | I86: 3 | J86: 届け出をしておらず、検討もしていない | K86: 関節可動域運動, 筋力増強運動, DVT予防, リラクセーション, ポジショニング, 自主運動指導, 術後リハビリテーションのオリエンテーション, 離床（例：車椅子移乗,立位,歩行など） | L86: 全症例の25％〜49％程度 | N86: 全症例の0％〜24％程度 | P86: 全症例の0％〜24％程度 | R86: 全症例の0％〜24％程度 | T86: 実施していない | U86: 理学療法士または作業療法士がサルコペニアの評価を目的に評価は実施していない | V86: 認知機能, 握力 | X86: 実施していない, | Y86: 理学療法士または作業療法士がロコモティブシンドロームの評価を目的に評価は実施していない | Z86: Barthel Index（BI）, FIM | AB86: MMSE, HDS-R | AD86: Berg Balance Scale（BBS）, SPPB、Functional Reach Test（FRT）, 5回椅子立ち上がりテスト, 認知機能, 注意障害, 遂行機能, せん妄, 転倒恐怖感, 過去の転倒歴, ベッド周囲および病室環境 | AF86: 決まっていない | AH86: なるべく初回介入時に評価をしているが、明確にいつ評価を行うかは決まっていない | AI86: 下肢筋力強化, バランス練習, 歩行練習, 歩容改善, 起立、着座動作練習, 環境調整, 補助具、装具の適正化, 認知面への介入, 実施していない
A87: 46093.391 | B87: 喜古 理道 | C87: 公益財団法人 湯浅報恩会 寿泉堂綜合病院 | D87: 福島県 | E87: rehabili@jusendo.or.jp | F87: リハビリテーション科／理学療法士 | G87: 136 | H87: 13 | I87: 8 | J87: 現在、算定している | K87: 関節可動域運動, 筋力増強運動, 呼吸リハビリテーション, DVT予防, リラクセーション, ポジショニング, 自主運動指導, 術後リハビリテーションのオリエンテーション, 離床（例：車椅子移乗,立位,歩行など） | L87: 全症例の0％〜24％程度 | N87: 全症例の0％〜24％程度 | P87: 全症例の0％〜24％程度 | R87: 全症例の0％〜24％程度 | T87: 握力, 5回椅子立ち上がりテスト, 歩行速度, TUG, 開眼片脚立位時間 | V87: J-CHS基準, TUG, 認知機能, 握力 | X87: 実施していない | Z87: Barthel Index（BI）, FIM | AB87: MMSE, HDS-R | AD87: 開眼片脚立位時間, TUG, 10m歩行速度, 認知機能, 過去の転倒歴, 既往疾患の有無（脳血管疾患、パーキンソン病など）, 薬剤（向精神薬、降圧薬、利尿薬、ポリファーマシーなど）, ベッド周囲および病室環境 | AF87: 決まっていない | AI87: 下肢筋力強化, バランス練習, 歩行練習, 歩容改善, 起立、着座動作練習, 環境調整, 補助具、装具の適正化, 認知面への介入, 行動面への介入, 薬剤調整, 教育、指導
A88: 46093.499 | B88: 原田翔平 | C88: 上尾中央総合病院 | D88: 埼玉県 | E88: harada.s@ach.or.jp | F88: リハビリテーション技術科/理学療法士 | G88: 236 | H88: 23 | I88: 10 | J88: 届け出をしておらず、検討もしていない | K88: 関節可動域運動, 筋力増強運動, リラクセーション, 術後リハビリテーションのオリエンテーション, 離床（例：車椅子移乗,立位,歩行など） | L88: 全症例の25％〜49％程度 | N88: 全症例の25％〜49％程度 | P88: 全症例の0％〜24％程度 | R88: 全症例の0％〜24％程度 | T88: 歩行速度, 開眼片脚立位時間 | V88: 認知機能 | X88: 実施していない | Z88: Barthel Index（BI） | AB88: MMSE | AD88: 開眼片脚立位時間, 10m歩行速度, Berg Balance Scale（BBS）, 認知機能, せん妄, 既往疾患の有無（脳血管疾患、パーキンソン病など） | AF88: 決まっている | AG88: 7日目 | AI88: 下肢筋力強化, バランス練習, 歩行練習, 起立、着座動作練習, 環境調整, 補助具、装具の適正化, 認知面への介入, 教育、指導
A89: 46093.51 | B89: 小泉康之 | C89: いわき市医療センター | D89: 福島県 | E89: bnjbr577@yahoo.co.jp | G89: 280 | H89: 11 | I89: 4 | J89: 届け出をしておらず、検討もしていない | K89: 関節可動域運動, 筋力増強運動, DVT予防, リラクセーション, 離床（例：車椅子移乗,立位,歩行など） | L89: 全症例の50％〜74％程度 | M89: リラクゼーションや愛護的なROMを行い、疼痛を緩和させながら行う。 | N89: 全症例の25％〜49％程度 | P89: 全症例の0％〜24％程度 | R89: 全症例の0％〜24％程度 | T89: SPPB | V89: 認知機能 | X89: 実施していない | Y89: SPPBとある程度の相関性があると考えており、また急性期の患者様には適していないと考えているので。 | Z89: Barthel Index（BI） | AB89: HDS-R | AD89: SPPB、Functional Reach Test（FRT）, 認知機能 | AF89: 決まっている | AG89: 退院時、転院時、外来時 | AI89: 下肢筋力強化, バランス練習, 起立、着座動作練習, 教育、指導
A90: 46093.526 | B90: 稲垣隼人 | C90: 市立伊勢総合病院 | D90: 三重県 | E90: reha-pt@hospital.ise.mie.jp | F90: リハビリテーション室/理学療法士 | G90: 169 | H90: 20 | I90: 4 | J90: 届け出をしておらず、検討もしていない | K90: 関節可動域運動, 筋力増強運動, 自主運動指導 | L90: 全症例の50％〜74％程度 | M90: 病棟Nrsへの自主トレーニング・離床の協力依頼 | N90: 全症例の25％〜49％程度 | P90: 全症例の0％〜24％程度 | R90: 全症例の0％〜24％程度 | T90: 握力, 膝伸展筋力, 歩行速度, TUG, 下腿周径, GNRI | V90: TUG, 認知機能, GNRI, 握力 | X90: 実施していない | Y90: 特になし | Z90: Barthel Index（BI）, FIM | AB90: MMSE, MoCA | AD90: TUG, 10m歩行速度, SPPB、Functional Reach Test（FRT）, 認知機能, せん妄, 過去の転倒歴, 既往疾患の有無（脳血管疾患、パーキンソン病など）, 薬剤（向精神薬、降圧薬、利尿薬、ポリファーマシーなど）, ベッド周囲および病室環境 | AF90: 決まっている | AG90: 翌日 | AI90: 下肢筋力強化, バランス練習, 歩行練習, 起立、着座動作練習, 環境調整, 補助具、装具の適正化, 教育、指導
A91: 46093.578 | B91: 久保田 洋介 | C91: みなと医療生活協同組合 協立総合病院 | D91: 愛知県 | E91: kyouritu.riha@gmail.com | F91: リハビリテーション室/理学療法士 | G91: 314 | H91: 12 | I91: 0 | J91: 届け出をしておらず、検討もしていない | K91: 関節可動域運動, 筋力増強運動, 呼吸リハビリテーション, DVT予防, リラクセーション, ポジショニング, 自主運動指導, 術後リハビリテーションのオリエンテーション, 離床（例：車椅子移乗,立位,歩行など） | L91: 全症例の0％〜24％程度 | N91: 全症例の0％〜24％程度 | P91: 全症例の0％〜24％程度 | R91: 全症例の0％〜24％程度 | T91: 握力, 膝伸展筋力, 5回椅子立ち上がりテスト, 歩行速度, SPPB, TUG, 6分間歩行距離 | V91: 6分間歩行距離, 認知機能, 握力 | X91: SPPB、握力など | Z91: Barthel Index（BI）, FIM | AB91: MMSE, HDS-R | AD91: 実施していない | AE91: 「施設内で定められている」ではなく、患者の状況により判断している | AI91: 下肢筋力強化, バランス練習, 歩行練習, 歩容改善, 起立、着座動作練習, 環境調整, 補助具、装具の適正化, 認知面への介入, 行動面への介入, 薬剤調整, 教育、指導
A92: 46093.694 | B92: 山下 咲子 | C92: 医療法人 平成会 サンライズ酒井病院 | D92: 大分県 | E92: sakai.reha@gmail.com | F92: リハビリテーション部/理学療法士 | G92: 75 | H92: 14 | I92: 4 | J92: 届け出はしていないが、現在検討中である | K92: 関節可動域運動, 筋力増強運動, 呼吸リハビリテーション, DVT予防, ポジショニング, 自主運動指導, 術後リハビリテーションのオリエンテーション | L92: 全症例の0％〜24％程度 | N92: 全症例の0％〜24％程度 | P92: 全症例の0％〜24％程度 | R92: 全症例の0％〜24％程度 | T92: 握力, 歩行速度, TUG, 開眼片脚立位時間, 下腿周径 | V92: TUG, 認知機能, 握力 | X92: ロコチェック（7項目）、SIDE、握力、5m歩行速度、Fall Risk Index | Z92: FIM | AB92: HDS-R | AD92: 開眼片脚立位時間, TUG, 10m歩行速度, 認知機能, 過去の転倒歴, 既往疾患の有無（脳血管疾患、パーキンソン病など）, ベッド周囲および病室環境, Fall Risk Index | AF92: 決まっている | AG92: 術後1週間以内を目処に各自で取り組んでいる。術前に可能な評価は術前に実施。評価結果はカンファレンスで報告し、多職種と情報共有を行っている。 | AI92: 下肢筋力強化, バランス練習, 歩行練習, 歩容改善, 起立、着座動作練習, 環境調整, 補助具、装具の適正化, 認知面への介入, 行動面への介入, 教育、指導
A93: 46093.72 | B93: 谷口聖矢 | C93: 社会医療法人 恒心会 恒心会おぐら病院 | D93: 鹿児島県 | E93: seiya.therapist@gmail.com | F93: リハビリテーション科 理学療法士 | G93: 259 | H93: 52 | I93: 19 | J93: 現在、算定している | K93: 呼吸リハビリテーション, DVT予防, ポジショニング | L93: 全症例の50％〜74％程度 | M93: リハビリテーションによる早期離床とベッド上の運動よりも移乗動作訓練やトイレ動作訓練等のADL訓練を多く取り入れています。 | N93: 全症例の25％〜49％程度 | P93: 全症例の0％〜24％程度 | R93: 全症例の0％〜24％程度 | T93: 握力, 5回椅子立ち上がりテスト, 歩行速度, SPPB, TUG, 6分間歩行距離, 骨格筋量指数（SMI）, 下腿周径, SARC-F | V93: TUG, 6分間歩行距離, 認知機能, 握力 | X93: 立ち上がりテスト, 2ステップテスト | Z93: Barthel Index（BI）, FIM | AB93: MMSE, HDS-R, AMTS | AD93: TUG, 10m歩行速度, SPPB、Functional Reach Test（FRT）, 5回椅子立ち上がりテスト, 認知機能, 転倒恐怖感, 既往疾患の有無（脳血管疾患、パーキンソン病など）, Fall Risk Index | AF93: 決まっている | AG93: 質問表による評価は術前に実施、その他の動的な評価は術後1週、2週、4週、退院前に実施しています。 | AI93: 下肢筋力強化, バランス練習, 歩行練習, 歩容改善, 起立、着座動作練習, 環境調整, 補助具、装具の適正化, 認知面への介入, 教育、指導
A94: 46093.733 | B94: 佐藤海渡 | C94: 彩の国東大宮メディカルセンター | D94: 埼玉県 | E94: kaito.sato@shmc.jp | F94: リハビリテーション科 理学療法士 | G94: 213 | H94: 12 | I94: 3 | J94: 届け出はしていないが、現在検討中である | K94: 関節可動域運動, 筋力増強運動, DVT予防, 自主運動指導, 術後リハビリテーションのオリエンテーション | L94: 全症例の0％〜24％程度 | N94: 全症例の0％〜24％程度 | P94: 全症例の0％〜24％程度 | R94: 全症例の0％〜24％程度 | T94: 下腿周径 | V94: 認知機能 | X94: 実施していない | Y94: やるきっかけがない | Z94: Barthel Index（BI）, FIM | AB94: AMTS | AD94: 認知機能 | AF94: 決まっている | AG94: 術前から術後2日目の間 | AI94: 下肢筋力強化, バランス練習, 歩行練習, 歩容改善, 起立、着座動作練習, 環境調整, 認知面への介入, 行動面への介入, 教育、指導
A95: 46093.734 | B95: 嶋田 明永 | C95: 大分市医師会立アルメイダ病院 | D95: 大分県 | E95: rihabiri@almeida.oita.med.or.jp | F95: リハビリテーション部/作業療法士 | G95: 135 | H95: 12 | I95: 5 | J95: 届け出をしておらず、検討もしていない | K95: 実施していない | L95: 全症例の25％〜49％程度 | N95: 全症例の25％〜49％程度 | P95: 全症例の0％〜24％程度 | R95: 全症例の0％〜24％程度 | T95: 実施していない | V95: 実施していない | X95: 実施していない | Z95: Barthel Index（BI） | AB95: HDS-R | AD95: TUG, SPPB、Functional Reach Test（FRT）, 5回椅子立ち上がりテスト, 認知機能 | AF95: 決まっている | AG95: 14日目 | AI95: 下肢筋力強化, バランス練習, 歩行練習, 歩容改善, 起立、着座動作練習, 教育、指導
A96: 46093.74 | B96: 高橋 伴弥 | C96: 医療法人 橋本病院 | D96: 和歌山県 | E96: taka.do.it.0618@gmail.com | F96: リハビリテーション科/理学療法士 | G96: 80 | H96: 12 | I96: 4 | J96: 届け出をしておらず、検討もしていない | K96: 実施していない | L96: 全症例の25％〜49％程度 | N96: 全症例の0％〜24％程度 | P96: 全症例の0％〜24％程度 | R96: 全症例の0％〜24％程度 | T96: 下腿周径 | V96: GNRI | X96: 実施していない | Y96: 決まりがない為 | Z96: FIM | AB96: 実施していない | AC96: 決まりがない為 | AD96: 実施していない | AE96: 特に決まりがない為 | AF96: 決まっていない | AI96: 環境調整
A97: 46093.753 | B97: 上田 | C97: 市立福知山市民病院 | D97: 京都府 | E97: ijika@fukuchiyama-hosp.jp | F97: 理学療法士 | G97: 129 | H97: 18 | I97: 0 | J97: 届け出はしていないが、現在検討中である | K97: 関節可動域運動, 筋力増強運動, 呼吸リハビリテーション, ポジショニング, 自主運動指導, 術後リハビリテーションのオリエンテーション | L97: 全症例の75％〜100％程度 | M97: 疼痛軽減のためのアイシングやマッサージ、リラクセーション、可動域運動の実施 | N97: 全症例の25％〜49％程度 | P97: 全症例の0％〜24％程度 | R97: 全症例の0％〜24％程度 | T97: 握力, 5回椅子立ち上がりテスト, SPPB, TUG, 6分間歩行距離 | V97: TUG, 6分間歩行距離, 握力 | X97: 実施していない | Z97: Barthel Index（BI）, FIM | AB97: MMSE | AD97: 定量的な下肢筋力測定, 既往疾患の有無（脳血管疾患、パーキンソン病など）, ベッド周囲および病室環境 | AF97: 決まっている | AG97: １週間以内 | AI97: 下肢筋力強化, バランス練習, 歩行練習, 歩容改善, 起立、着座動作練習, 環境調整, 補助具、装具の適正化, 認知面への介入, 行動面への介入, 教育、指導
A98: 46093.858 | B98: 伊藤慎也 | C98: 小牧市民病院 | D98: 愛知県 | E98: itos.1110@gmail.com | F98: リハビリテーション科/理学療法士 | G98: 233 | H98: 14 | I98: 0 | J98: 届け出をしておらず、検討もしていない | K98: 手術待機期間が長い場合、廃用予防リハビリ | L98: 全症例の25％〜49％程度 | N98: 全症例の25％〜49％程度 | P98: 全症例の0％〜24％程度 | R98: 全症例の25％〜49％程度 | T98: 歩行速度, 下腿周径 | V98: 実施していない | X98: 実施していない | Z98: Barthel Index（BI） | AB98: MMSE | AD98: 下肢荷重検査 | AF98: 決まっている | AG98: 歩行開始期から毎日 | AI98: 下肢筋力強化, バランス練習, 歩行練習, 歩容改善, 環境調整, 補助具、装具の適正化, 教育、指導
A99: 46094.407 | B99: 亀山 拓良 | C99: 富山市民病院 | D99: 富山県 | E99: takukumi0126@yahoo.co.jp | F99: リハビリテーション科／理学療法士 | G99: 230 | H99: 6 | I99: 2 | J99: 届け出をしておらず、検討もしていない | K99: 関節可動域運動, 筋力増強運動, DVT予防, ポジショニング, 自主運動指導, 術後リハビリテーションのオリエンテーション, 離床（例：車椅子移乗,立位,歩行など） | L99: 全症例の50％〜74％程度 | M99: 術後1日目からの車椅子移乗 立位練習 | N99: 全症例の0％〜24％程度 | P99: 全症例の0％〜24％程度 | R99: 全症例の0％〜24％程度 | T99: 握力, 歩行速度, SPPB | V99: 握力 | X99: 立ち上がりテスト | Z99: Barthel Index（BI） | AB99: 実施していない | AD99: SPPB、Functional Reach Test（FRT）, 5回椅子立ち上がりテスト, せん妄, 過去の転倒歴 | AF99: 決まっている | AG99: 3ヶ月、6ヶ月、1年の再診時 | AI99: 下肢筋力強化, バランス練習, 歩行練習, 歩容改善, 起立、着座動作練習
A100: 46094.412 | B100: 中村亮一 | C100: シムラ病院 | D100: 広島県 | E100: rehabilitation@shimura.or.jp | F100: リハビリテーション科/理学療法士 | G100: 399 | H100: 7 | I100: 6 | J100: 現在、算定している | K100: 筋力増強運動, DVT予防, ポジショニング, 自主運動指導, 術後リハビリテーションのオリエンテーション | L100: 全症例の0％〜24％程度 | N100: 全症例の25％〜49％程度 | P100: 全症例の25％〜49％程度 | R100: 全症例の0％〜24％程度 | T100: 握力, 歩行速度, TUG, 下腿周径 | V100: 認知機能 | X100: ロコモ25（質問票） | Z100: Barthel Index（BI）, FIM | AB100: MMSE, HDS-R | AD100: 認知機能 | AF100: 決まっていない | AI100: 下肢筋力強化, バランス練習, 歩行練習, 認知面への介入, 教育、指導
...

Sheet 項目候補
B1: 第1回回答施設の回答率
B2: ご施設の都道府県 （都道府県ごとの分布ランキング形式）
B3: ご施設の都道府県 （地方ごとの分布ランキング形式）
B4: ご施設の都道府県 （都道府県ごとの施設会員数当たり回答率）
B5: ご施設の都道府県 （地方ごとの施設会員数当たり回答率）
B6: ご所属部署名・職種（任意） →分布にて
B7: Q1. 2025年1月～12月における大腿骨近位部骨折の症例数を教えてください。（※保存加療症例を含む）
B8: Q2. 2025年1月～12月の期間において、大腿骨近位部骨折を担当した理学療法士（PT）の在籍人数を教えてください。
B9: Q3. 2025年1月～12月の期間において、大腿骨近位部骨折を担当した作業療法士（OT）の在籍人数を教えてください。
B10: Q4. 整形外科病棟における「リハビリテーション・栄養・口腔連携体制加算」の算定状況について、令和8年度診療報酬改定の発表前の時点でお答えください。【単一選択】
B11: Q5. 手術前リハビリテーションで理学療法士または作業療法士が実施している内容を教えてください。【複数選択可】
B12: Q6. 身体機能（疼痛、筋力低下など）が原因による制限 【4段階評価】
... B36: Q16-1 ※「実施していない」を選択した方におたずねします。 → 実施していない理由を教えてください。【自由記述】

Sheet グラフ作成用シート
A1: 新潟県 | G1: 地方別回答施設数 | I1: 地方別施設会員数 | J1: 地方別回答率 | M1: 都道府県別回答数 | N1: 施設会員数 | O1: 都道府県別回答率
A2: 大阪府 | C2: 列1 | D2: 列2 | F2: 北海道 | G2: 12 | H2: =G2/$G$11 | I2: 31 | J2: =G2/I2 | L2: 北海道 | M2: 12 | N2: 31 | O2: =M2/N2
A3: 埼玉県 | C3: 北海道 | D3: =COUNTIF(A:A,C3) | F3: 東北 | G3: 22 | H3: =G3/$G$11 | I3: 44 | J3: =G3/I3 | L3: 青森県 | M3: 6 | N3: 9 | O3: =M3/N3
A4: 東京都 | C4: 青森県 | D4: =COUNTIF(A:A,C4) | F4: 関東 | G4: 56 | H4: =G4/$G$11 | I4: 160 | J4: =G4/I4 | L4: 岩手県 | M4: 1 | N4: 1 | O4: =M4/N4
A5: 広島県 | C5: 岩手県 | D5: =COUNTIF(A:A,C5) | F5: 中部 | G5: 63 | H5: =G5/$G$11 | I5: 143 | J5: =G5/I5 | L5: 宮城県 | M5: 4 | N5: 11 | O5: =M5/N5
A6: 大阪府 | C6: 宮城県 | D6: =COUNTIF(A:A,C6) | F6: 近畿 | G6: 62 | H6: =G6/$G$11 | I6: 139 | J6: =G6/I6 | L6: 秋田県 | M6: 2 | N6: 8 | O6: =M6/N6
A7: 兵庫県 | C7: 秋田県 | D7: =COUNTIF(A:A,C7) | F7: 中国 | G7: 21 | H7: =G7/$G$11 | I7: 50 | J7: =G7/I7 | L7: 山形県 | M7: 2 | N7: 7 | O7: =M7/N7
A8: 神奈川県 | C8: 山形県 | D8: =COUNTIF(A:A,C8) | F8: 四国 | G8: 16 | H8: =G8/$G$11 | I8: 34 | J8: =G8/I8 | L8: 福島県 | M8: 7 | N8: 8 | O8: =M8/N8
A9: 大阪府 | C9: 福島県 | D9: =COUNTIF(A:A,C9) | F9: 九州 | G9: 33 | H9: =G9/$G$11 | I9: 88 | J9: =G9/I9 | L9: 茨城県 | M9: 4 | N9: 14 | O9: =M9/N9
A10: 愛知県 | C10: 茨城県 | D10: =COUNTIF(A:A,C10) | F10: 沖縄 | G10: 4 | H10: =G10/$G$11 | I10: 10 | J10: =G10/I10 | L10: 栃木県 | M10: 4 | N10: 6 | O10: =M10/N10
A11: 福岡県 | C11: 栃木県 | D11: =COUNTIF(A:A,C11) | G11: =SUM(G1:G10) | H11: =SUM(H1:H10) | I11: =SUM(I1:I10) | J11: =G11/I11 | K11: ←全体の回答率 | L11: 群馬県 | M11: 1 | N11: 10 | O11: =M11/N11
A12: 徳島県 | C12: 群馬県 | D12: =COUNTIF(A:A,C12) | L12: 埼玉県 | M12: 11 | N12: 29 | O12: =M12/N12
A13: 高知県 | C13: 埼玉県 | D13: =COUNTIF(A:A,C13) | L13: 千葉県 | M13: 10 | N13: 23 | O13: =M13/N13
A14: 兵庫県 | C14: 千葉県 | D14: =COUNTIF(A:A,C14) | L14: 東京都 | M14: 13 | N14: 43 | O14: =M14/N14
A15: 静岡県 | C15: 東京都 | D15: =COUNTIF(A:A,C15) | L15: 神奈川県 | M15: 13 | N15: 35 | O15: =M15/N15
A16: 東京都 | C16: 神奈川県 | D16: =COUNTIF(A:A,C16) | G16: ご所属部署名・職種（任意） | L16: 新潟県 | M16: 5 | N16: 17 | O16: =M16/N16
A17: 静岡県 | C17: 新潟県 | D17: =COUNTIF(A:A,C17) | G17: リハビリテーションセンター 理学療法学科 理学療法士 | H17: リハビリテーション科（室・課・部・センターも含む） | L17: 富山県 | M17: 5 | N17: 9 | O17: =M17/N17
A18: 岐阜県 | C18: 富山県 | D18: =COUNTIF(A:A,C18) | G18: リハビリテーションセンター／理学療法士 | H18: 理学療法士 | L18: 石川県 | M18: 3 | N18: 8 | O18: =M18/N18
A19: 神奈川県 | C19: 石川県 | D19: =COUNTIF(A:A,C19) | G19: リハビリテーションセンター／理学療法士 | H19: 作業療法士 | L19: 福井県 | M19: 2 | N19: 7 | O19: =M19/N19
A20: 群馬県 | C20: 福井県 | D20: =COUNTIF(A:A,C20) | G20: リハビリテーションセンター/理学療法士 | H20: その他 | L20: 山梨県 | M20: 2 | N20: 4 | O20: =M20/N20
A21: 鹿児島県 | C21: 山梨県 | D21: =COUNTIF(A:A,C21) | G21: リハビリテーションセンター/理学療法士 | H21: Q1. 2025年1月～12月における大腿骨近位部骨折の症例数を教えてください。（※保存加療症例を含む） | L21: 長野県 | M21: 5 | N21: 14 | O21: =M21/N21
A22: 愛知県 | C22: 長野県 | D22: =COUNTIF(A:A,C22) | G22: リハビリテーションセンター・理学療法士 | H22: 2972 | I22: MIN | L22: 岐阜県 | M22: 9 | N22: 14 | O22: =M22/N22
A23: 徳島県 | C23: 岐阜県 | D23: =COUNTIF(A:A,C23) | G23: リハビリテーションぶ／理学療法士 | H23: 1660 | I23: MAX | L23: 静岡県 | M23: 12 | N23: 24 | O23: =M23/N23
A24: 大阪府 | C24: 静岡県 | D24: =COUNTIF(A:A,C24) | G24: リハビリテーション科 | H24: 996 | I24: MED | L24: 愛知県 | M24: 20 | N24: 46 | O24: =M24/N24
A25: 千葉県 | C25: 愛知県 | D25: =COUNTIF(A:A,C25) | G25: リハビリテーション科 | H25: 826 | I25: AVG | L25: 三重県 | M25: 9 | N25: 13 | O25: =M25/N25
A26: 北海道 | C26: 三重県 | D26: =COUNTIF(A:A,C26) | G26: リハビリテーション科 作業療法士 | H26: 683 | I26: 区間 | J26: 施設数 | K26: 累積% | L26: 滋賀県 | M26: 3 | N26: 13 | O26: =M26/N26
A27: 長崎県 | C27: 滋賀県 | D27: =COUNTIF(A:A,C27) | G27: リハビリテーション科 作業療法士 | H27: 606 | I27: ~25 | J27: =COUNTIF(テーブル6[Q1. 2025年1月～12月における大腿骨近位部骨折の症例数を教えてください。（※保存加療症例を含む）],"<25") | K27: =J27/SUM($J$27:$J$39) | L27: 京都府 | M27: 7 | N27: 16 | O27: =M27/N27
A28: 香川県 | C28: 京都府 | D28: =COUNTIF(A:A,C28) | G28: リハビリテーション科 作業療法士 | H28: 500 | I28: 25~50 | J28: =COUNTIFS(テーブル6[Q1. 2025年1月～12月における大腿骨近位部骨折の症例数を教えてください。（※保存加療症例を含む）],">=25",テーブル6[Q1. 2025年1月～12月における大腿骨近位部骨折の症例数を教えてください。（※保存加療症例を含む）],"<50") | K28: =K27+J28/SUM($J$27:$J$39) | L28: 大阪府 | M28: 24 | N28: 49 | O28: =M28/N28
A29: 静岡県 | C29: 大阪府 | D29: =COUNTIF(A:A,C29) | G29: リハビリテーション科 作業療法士 | H29: 410 | I29: 50~75 | J29: =COUNTIFS(テーブル6[Q1. 2025年1月～12月における大腿骨近位部骨折の症例数を教えてください。（※保存加療症例を含む）],">=50",テーブル6[Q1. 2025年1月～12月における大腿骨近位部骨折の症例数を教えてください。（※保存加療症例を含む）],"<75") | K29: =K28+J29/SUM($J$27:$J$39) | L29: 兵庫県 | M29: 13 | N29: 34 | O29: =M29/N29
A30: 愛知県 | C30: 兵庫県 | D30: =COUNTIF(A:A,C30) | G30: ﾘﾊﾋﾞﾘﾃｰｼｮﾝ科 上席理学療法士 | H30: 407 | I30: 75~100 | J30: =COUNTIFS(テーブル6[Q1. 2025年1月～12月における大腿骨近位部骨折の症例数を教えてください。（※保存加療症例を含む）],">=75",テーブル6[Q1. 2025年1月～12月における大腿骨近位部骨折の症例数を教えてください。（※保存加療症例を含む）],"<100") | K30: =K29+J30/SUM($J$27:$J$39) | L30: 奈良県 | M30: 5 | N30: 8 | O30: =M30/N30
A31: 東京都 | C31: 奈良県 | D31: =COUNTIF(A:A,C31) | G31: リハビリテーション科 理学療法士 | H31: 399 | I31: 100~125 | J31: =COUNTIFS(テーブル6[Q1. 2025年1月～12月における大腿骨近位部骨折の症例数を教えてください。（※保存加療症例を含む）],">=100",テーブル6[Q1. 2025年1月～12月における大腿骨近位部骨折の症例数を教えてください。（※保存加療症例を含む）],"<125") | K31: =K30+J31/SUM($J$27:$J$39) | L31: 和歌山県 | M31: 1 | N31: 6 | O31: =M31/N31
A32: 福井県 | C32: 和歌山県 | D32: =COUNTIF(A:A,C32) | G32: リハビリテーション科 理学療法士 | H32: 398 | I32: 125~150 | J32: =COUNTIFS(テーブル6[Q1. 2025年1月～12月における大腿骨近位部骨折の症例数を教えてください。（※保存加療症例を含む）],">=125",テーブル6[Q1. 2025年1月～12月における大腿骨近位部骨折の症例数を教えてください。（※保存加療症例を含む）],"<150") | K32: =K31+J32/SUM($J$27:$J$39) | L32: 鳥取県 | M32: 2 | N32: 4 | O32: =M32/N32
A33: 新潟県 | C33: 鳥取県 | D33: =COUNTIF(A:A,C33) | G33: リハビリテーション科 理学療法士 | H33: 364 | I33: 150~175 | J33: =COUNTIFS(テーブル6[Q1. 2025年1月～12月における大腿骨近位部骨折の症例数を教えてください。（※保存加療症例を含む）],">=150",テーブル6[Q1. 2025年1月～12月における大腿骨近位部骨折の症例数を教えてください。（※保存加療症例を含む）],"<175") | K33: =K32+J33/SUM($J$27:$J$39) | L33: 島根県 | M33: 1 | N33: 4 | O33: =M33/N33
A34: 香川県 | C34: 島根県 | D34: =COUNTIF(A:A,C34) | G34: リハビリテーション科 理学療法士 | H34: 350 | I34: 175~200 | J34: =COUNTIFS(テーブル6[Q1. 2025年1月～12月における大腿骨近位部骨折の症例数を教えてください。（※保存加療症例を含む）],">=175",テーブル6[Q1. 2025年1月～12月における大腿骨近位部骨折の症例数を教えてください。（※保存加療症例を含む）],"<200") | K34: =K33+J34/SUM($J$27:$J$39) | L34: 岡山県 | M34: 6 | N34: 14 | O34: =M34/N34
A35: 埼玉県 | C35: 岡山県 | D35: =COUNTIF(A:A,C35) | G35: リハビリテーション科 理学療法士 | H35: 337 | I35: 200~225 | J35: =COUNTIFS(テーブル6[Q1. 2025年1月～12月における大腿骨近位部骨折の症例数を教えてください。（※保存加療症例を含む）],">=200",テーブル6[Q1. 2025年1月～12月における大腿骨近位部骨折の症例数を教えてください。（※保存加療症例を含む）],"<225") | K35: =K34+J35/SUM($J$27:$J$39) | L35: 広島県 | M35: 11 | N35: 20 | O35: =M35/N35
A36: 福岡県 | C36: 広島県 | D36: =COUNTIF(A:A,C36) | G36: リハビリテーション科 理学療法士 | H36: 314 | I36: 225~250 | J36: =COUNTIFS(テーブル6[Q1. 2025年1月～12月における大腿骨近位部骨折の症例数を教えてください。（※保存加療症例を含む）],">=225",テーブル6[Q1. 2025年1月～12月における大腿骨近位部骨折の症例数を教えてください。（※保存加療症例を含む）],"<250") | K36: =K35+J36/SUM($J$27:$J$39) | L36: 山口県 | M36: 1 | N36: 8 | O36: =M36/N36
A37: 香川県 | C37: 山口県 | D37: =COUNTIF(A:A,C37) | G37: リハビリテーション科 理学療法士 | H37: 313 | I37: 250~275 | J37: =COUNTIFS(テーブル6[Q1. 2025年1月～12月における大腿骨近位部骨折の症例数を教えてください。（※保存加療症例を含む）],">=250",テーブル6[Q1. 2025年1月～12月における大腿骨近位部骨折の症例数を教えてください。（※保存加療症例を含む）],"<275") | K37: =K36+J37/SUM($J$27:$J$39) | L37: 徳島県 | M37: 7 | N37: 10 | O37: =M37/N37
A38: 沖縄県 | C38: 徳島県 | D38: =COUNTIF(A:A,C38) | G38: リハビリテーション科 理学療法士 | H38: 312 | I38: 275~300 | J38: =COUNTIFS(テーブル6[Q1. 2025年1月～12月における大腿骨近位部骨折の症例数を教えてください。（※保存加療症例を含む）],">=275",テーブル6[Q1. 2025年1月～12月における大腿骨近位部骨折の症例数を教えてください。（※保存加療症例を含む）],"<300") | K38: =K37+J38/SUM($J$27:$J$39) | L38: 香川県 | M38: 4 | N38: 11 | O38: =M38/N38
A39: 奈良県 | C39: 香川県 | D39: =COUNTIF(A:A,C39) | G39: リハビリテーション科 理学療法士 | H39: 311 | I39: 300以上 | J39: =COUNTIF(テーブル6[Q1. 2025年1月～12月における大腿骨近位部骨折の症例数を教えてください。（※保存加療症例を含む）],">=300") | K39: =K38+J39/SUM($J$27:$J$39) | L39: 愛媛県 | M39: 4 | N39: 8 | O39: =M39/N39
A40: 東京都 | C40: 愛媛県 | D40: =COUNTIF(A:A,C40) | G40: リハビリテーション科 理学療法士 | H40: 306 | L40: 高知県 | M40: 1 | N40: 5 | O40: =M40/N40
A41: 愛知県 | C41: 高知県 | D41: =COUNTIF(A:A,C41) | G41: リハビリテーション科 理学療法士 | H41: 299 | L41: 福岡県 | M41: 8 | N41: 32 | O41: =M41/N41
A42: 長崎県 | C42: 福岡県 | D42: =COUNTIF(A:A,C42) | G42: リハビリテーション科 理学療法士 | H42: 296 | L42: 佐賀県 | M42: 4 | N42: 8 | O42: =M42/N42
A43: 大阪府 | C43: 佐賀県 | D43: =COUNTIF(A:A,C43) | G43: リハビリテーション科 理学療法士 | H43: 290 | L43: 長崎県 | M43: 7 | N43: 14 | O43: =M43/N43
A44: 神奈川県 | C44: 長崎県 | D44: =COUNTIF(A:A,C44) | G44: リハビリテーション科 理学療法士 | H44: 289 | L44: 熊本県 | M44: 5 | N44: 9 | O44: =M44/N44
A45: 大阪府 | C45: 熊本県 | D45: =COUNTIF(A:A,C45) | G45: リハビリテーション科 理学療法士 | H45: 280 | L45: 大分県 | M45: 5 | N45: 11 | O45: =M45/N45
A46: 長野県 | C46: 大分県 | D46: =COUNTIF(A:A,C46) | G46: リハビリテーション科 理学療法士 | H46: 280 | L46: 宮崎県 | M46: 1 | N46: 7 | O46: =M46/N46
A47: 埼玉県 | C47: 宮崎県 | D47: =COUNTIF(A:A,C47) | G47: リハビリテーション科 理学療法士 | H47: 278 | L47: 鹿児島県 | M47: 3 | N47: 7 | O47: =M47/N47
A48: 山形県 | C48: 鹿児島県 | D48: =COUNTIF(A:A,C48) | G48: リハビリテーション科 理学療法士 | H48: 277 | L48: 沖縄県 | M48: 4 | N48: 10 | O48: =M48/N48
A49: 愛知県 | C49: 沖縄県 | D49: =COUNTIF(A:A,C49) | G49: リハビリテーション科 理学療法士 | H49: 275 | M49: =SUM(M2:M48) | N49: =SUM(N2:N48) | O49: =M49/N49
A50: 神奈川県 | G50: リハビリテーション科 理学療法士長 | H50: 274
A51: 兵庫県 | G51: リハビリテーション科、事務部／理学療法士 | H51: 269
A52: 秋田県 | G52: リハビリテーション科、理学療法士 | H52: 259
A53: 青森県 | G53: リハビリテーション科/作業療法士 | H53: 256
A54: 徳島県 | G54: リハビリテーション科／作業療法士 | H54: 255
A55: 栃木県 | G55: リハビリテーション科/作業療法士 | H55: 255
A56: 神奈川県 | G56: リハビリテーション科／作業療法士 | H56: 253
A57: 三重県 | G57: リハビリテーション科/作業療法士 | H57: 251
A58: 熊本県 | G58: リハビリテーション科／理学療法士 | H58: 248
A59: 大阪府 | G59: リハビリテーション科/理学療法士 | H59: 247
A60: 岡山県 | G60: リハビリテーション科/理学療法士 | H60: 246
A61: 北海道 | G61: リハビリテーション科／理学療法士 | H61: 244
... A283: 岐阜県 | G283: 理学療法士1 | H283: 64
A284: 静岡県 | H284: 63
A285: 岡山県 | H285: 62
A286: 大阪府 | H286: 61
A287: 沖縄県 | H287: 61
A288: 佐賀県 | H288: 60
A289: 福井県 | H289: 60
H290: 60
H291: 58
H292: 57
H293: 57
H294: 57
H295: 55
H296: 54
H297: 53
H298: 52
H299: 49
H300: 49
H301: 48
... H310: 13

Sheet データチェック
A1: 【データチェックシート】第2回 急性期におけるリハビリテーション調査 集計結果確認
A2: =" 有効回答数（N）: "&COUNTA('サマリ作成用'!A:A)-1&" 件"
A4: 【見方】差分(関数-PPTX)が0であれば一致。正の値はPPTXが少ない、負の値はPPTXが多い。
A6: ■ 回答者の所属部署・職種（任意回答） ※列F = ご所属部署名・職種
A7: 所属部署・職種 | C7: 関数カウント | D7: 割合 | E7: PPTX値 | F7: 差分
A8: No. | B8: 回答選択肢 | C8: 関数カウント | D8: 割合(%) | E8: PPTX値 | F8: 差分(関数-PPTX)
A9: 1 | B9: リハビリテーション科（部・室・課・センター等も含む） | C9: =COUNTIF('サマリ作成用'!F:F,"*リハビリ*") | D9: =IF(C9="","",ROUND(C9/(COUNTA('サマリ作成用'!A:A)-1)*100,1)) | E9: 140 | F9: =IF(OR(C9="",E9=""),"",C9-E9)
A10: 2 | B10: 理学療法士 | C10: =COUNTIFS('サマリ作成用'!F:F,"*理学療法士*",'サマリ作成用'!F:F,"<>*リハビリ*") | D10: =IF(C10="","",ROUND(C10/(COUNTA('サマリ作成用'!A:A)-1)*100,1)) | E10: 106 | F10: =IF(OR(C10="",E10=""),"",C10-E10)
A11: 3 | B11: 作業療法士 | C11: =COUNTIFS('サマリ作成用'!F:F,"*作業療法士*",'サマリ作成用'!F:F,"<>*リハビリ*",'サマリ作成用'!F:F,"<>*理学療法士*") | D11: =IF(C11="","",ROUND(C11/(COUNTA('サマリ作成用'!A:A)-1)*100,1)) | E11: 9 | F11: =IF(OR(C11="",E11=""),"",C11-E11)
A12: 4 | B12: その他（上記以外または未回答） | C12: =COUNTIFS('サマリ作成用'!F:F,"<>*リハビリ*",'サマリ作成用'!F:F,"<>*理学療法士*",'サマリ作成用'!F:F,"<>*作業療法士*") | D12: =IF(C12="","",ROUND(C12/(COUNTA('サマリ作成用'!A:A)-1)*100,1)) | E12: 34 | F12: =IF(OR(C12="",E12=""),"",C12-E12)
A13: 合計 | C13: =SUM(C9:C12) | D13: =ROUND(C13/(COUNTA('サマリ作成用'!A:A)-1)*100,1)
A15: ■ Q2. 大腿骨近位部骨折を担当したPT（理学療法士）の在籍人数 ※列H
A16: Q2 PT在籍人数（パレート図） | C16: 関数カウント | D16: 割合 | E16: PPTX値 | F16: 差分
A17: No. | B17: 回答選択肢 | C17: 関数カウント | D17: 割合(%) | E17: PPTX値 | F17: 差分(関数-PPTX)
A18: 1 | B18: 1〜5人 | C18: =COUNTIFS('サマリ作成用'!H:H,">="&1,'サマリ作成用'!H:H,"<="&5) | D18: =IF(C18="","",ROUND(C18/(COUNTA('サマリ作成用'!A:A)-1)*100,1)) | E18: 12 | F18: =IF(OR(C18="",E18=""),"",C18-E18)
A19: 2 | B19: 6〜10人 | C19: =COUNTIFS('サマリ作成用'!H:H,">="&6,'サマリ作成用'!H:H,"<="&10) | D19: =IF(C19="","",ROUND(C19/(COUNTA('サマリ作成用'!A:A)-1)*100,1)) | E19: 82 | F19: =IF(OR(C19="",E19=""),"",C19-E19)
A20: 3 | B20: 11〜15人 | C20: =COUNTIFS('サマリ作成用'!H:H,">="&11,'サマリ作成用'!H:H,"<="&15) | D20: =IF(C20="","",ROUND(C20/(COUNTA('サマリ作成用'!A:A)-1)*100,1)) | E20: 93 | F20: =IF(OR(C20="",E20=""),"",C20-E20)
A21: 4 | B21: 16〜20人 | C21: =COUNTIFS('サマリ作成用'!H:H,">="&16,'サマリ作成用'!H:H,"<="&20) | D21: =IF(C21="","",ROUND(C21/(COUNTA('サマリ作成用'!A:A)-1)*100,1)) | E21: 42 | F21: =IF(OR(C21="",E21=""),"",C21-E21)
A22: 5 | B22: 21〜25人 | C22: =COUNTIFS('サマリ作成用'!H:H,">="&21,'サマリ作成用'!H:H,"<="&25) | D22: =IF(C22="","",ROUND(C22/(COUNTA('サマリ作成用'!A:A)-1)*100,1)) | E22: 18 | F22: =IF(OR(C22="",E22=""),"",C22-E22)
A23: 6 | B23: 26〜30人 | C23: =COUNTIFS('サマリ作成用'!H:H,">="&26,'サマリ作成用'!H:H,"<="&30) | D23: =IF(C23="","",ROUND(C23/(COUNTA('サマリ作成用'!A:A)-1)*100,1)) | E23: 20 | F23: =IF(OR(C23="",E23=""),"",C23-E23)
A24: 7 | B24: 31〜35人 | C24: =COUNTIFS('サマリ作成用'!H:H,">="&31,'サマリ作成用'!H:H,"<="&35) | D24: =IF(C24="","",ROUND(C24/(COUNTA('サマリ作成用'!A:A)-1)*100,1)) | E24: 6 | F24: =IF(OR(C24="",E24=""),"",C24-E24)
A25: 8 | B25: 36〜40人 | C25: =COUNTIFS('サマリ作成用'!H:H,">="&36,'サマリ作成用'!H:H,"<="&40) | D25: =IF(C25="","",ROUND(C25/(COUNTA('サマリ作成用'!A:A)-1)*100,1)) | E25: 6 | F25: =IF(OR(C25="",E25=""),"",C25-E25)
A26: 9 | B26: 41〜45人 | C26: =COUNTIFS('サマリ作成用'!H:H,">="&41,'サマリ作成用'!H:H,"<="&45) | D26: =IF(C26="","",ROUND(C26/(COUNTA('サマリ作成用'!A:A)-1)*100,1)) | E26: 3 | F26: =IF(OR(C26="",E26=""),"",C26-E26)
A27: 10 | B27: 46〜50人 | C27: =COUNTIFS('サマリ作成用'!H:H,">="&46,'サマリ作成用'!H:H,"<="&50) | D27: =IF(C27="","",ROUND(C27/(COUNTA('サマリ作成用'!A:A)-1)*100,1)) | E27: 3 | F27: =IF(OR(C27="",E27=""),"",C27-E27)
A28: 11 | B28: 51人以上 | C28: =COUNTIFS('サマリ作成用'!H:H,">="&51) | D28: =IF(C28="","",ROUND(C28/(COUNTA('サマリ作成用'!A:A)-1)*100,1)) | E28: 4 | F28: =IF(OR(C28="",E28=""),"",C28-E28)
A29: 合計 | C29: =SUM(C18:C28) | D29: =ROUND(C29/(COUNTA('サマリ作成用'!A:A)-1)*100,1)
A31: ■ Q3. 大腿骨近位部骨折を担当したOT（作業療法士）の在籍人数 ※列I
A32: Q3 OT在籍人数（パレート図） | C32: 関数カウント | D32: 割合 | E32: PPTX値 | F32: 差分
A33: No. | B33: 回答選択肢 | C33: 関数カウント | D33: 割合(%) | E33: PPTX値 | F33: 差分(関数-PPTX)
A34: 1 | B34: 0人（なし） | C34: =COUNTIF('サマリ作成用'!I:I,0) | D34: =IF(C34="","",ROUND(C34/(COUNTA('サマリ作成用'!A:A)-1)*100,1)) | E34: 0 | F34: =IF(OR(C34="",E34=""),"",C34-E34)
A35: 2 | B35: 1〜5人 | C35: =COUNTIFS('サマリ作成用'!I:I,">="&1,'サマリ作成用'!I:I,"<="&5) | D35: =IF(C35="","",ROUND(C35/(COUNTA('サマリ作成用'!A:A)-1)*100,1)) | F35: =IF(OR(C35="",E35=""),"",C35-E35)
A36: 3 | B36: 6〜10人 | C36: =COUNTIFS('サマリ作成用'!I:I,">="&6,'サマリ作成用'!I:I,"<="&10) | D36: =IF(C36="","",ROUND(C36/(COUNTA('サマリ作成用'!A:A)-1)*100,1)) | F36: =IF(OR(C36="",E36=""),"",C36-E36)
A37: 4 | B37: 11〜15人 | C37: =COUNTIFS('サマリ作成用'!I:I,">="&11,'サマリ作成用'!I:I,"<="&15) | D37: =IF(C37="","",ROUND(C37/(COUNTA('サマリ作成用'!A:A)-1)*100,1)) | F37: =IF(OR(C37="",E37=""),"",C37-E37)
A38: 5 | B38: 16〜20人 | C38: =COUNTIFS('サマリ作成用'!I:I,">="&16,'サマリ作成用'!I:I,"<="&20) | D38: =IF(C38="","",ROUND(C38/(COUNTA('サマリ作成用'!A:A)-1)*100,1)) | F38: =IF(OR(C38="",E38=""),"",C38-E38)
A39: 6 | B39: 21〜25人 | C39: =COUNTIFS('サマリ作成用'!I:I,">="&21,'サマリ作成用'!I:I,"<="&25) | D39: =IF(C39="","",ROUND(C39/(COUNTA('サマリ作成用'!A:A)-1)*100,1)) | F39: =IF(OR(C39="",E39=""),"",C39-E39)
A40: 7 | B40: 26〜30人 | C40: =COUNTIFS('サマリ作成用'!I:I,">="&26,'サマリ作成用'!I:I,"<="&30) | D40: =IF(C40="","",ROUND(C40/(COUNTA('サマリ作成用'!A:A)-1)*100,1)) | F40: =IF(OR(C40="",E40=""),"",C40-E40)
A41: 8 | B41: 31〜43人 | C41: =COUNTIFS('サマリ作成用'!I:I,">="&31) | D41: =IF(C41="","",ROUND(C41/(COUNTA('サマリ作成用'!A:A)-1)*100,1)) | F41: =IF(OR(C41="",E41=""),"",C41-E41)
A42: 合計 | C42: =SUM(C34:C41) | D42: =ROUND(C42/(COUNTA('サマリ作成用'!A:A)-1)*100,1)
A44: ■ Q4. リハビリテーション・栄養・口腔連携体制加算の算定状況 ※列J
A45: Q4 算定状況（単一選択） | C45: 関数カウント | D45: 割合 | E45: PPTX値 | F45: 差分
A46: No. | B46: 回答選択肢 | C46: 関数カウント | D46: 割合(%) | E46: PPTX値 | F46: 差分(関数-PPTX)
A47: 1 | B47: 現在、算定している | C47: =COUNTIF('サマリ作成用'!J:J,"現在、算定している") | D47: =IF(C47="","",ROUND(C47/(COUNTA('サマリ作成用'!A:A)-1)*100,1)) | E47: 50 | F47: =IF(OR(C47="",E47=""),"",C47-E47)
A48: 2 | B48: 届け出はしているが、算定していない | C48: =COUNTIF('サマリ作成用'!J:J,"届け出はしているが、算定していない") | D48: =IF(C48="","",ROUND(C48/(COUNTA('サマリ作成用'!A:A)-1)*100,1)) | E48: 4 | F48: =IF(OR(C48="",E48=""),"",C48-E48)
A49: 3 | B49: 届け出はしていないが、現在検討中である | C49: =COUNTIF('サマリ作成用'!J:J,"届け出はしていないが、現在検討中である") | D49: =IF(C49="","",ROUND(C49/(COUNTA('サマリ作成用'!A:A)-1)*100,1)) | E49: 90 | F49: =IF(OR(C49="",E49=""),"",C49-E49)
A50: 4 | B50: 届け出をしておらず、検討もしていない | C50: =COUNTIF('サマリ作成用'!J:J,"届け出をしておらず、検討もしていない") | D50: =IF(C50="","",ROUND(C50/(COUNTA('サマリ作成用'!A:A)-1)*100,1)) | E50: 145 | F50: =IF(OR(C50="",E50=""),"",C50-E50)
A51: 合計 | C51: =SUM(C47:C50) | D51: =ROUND(C51/(COUNTA('サマリ作成用'!A:A)-1)*100,1)
A53: ■ Q5. 手術前リハビリテーションで実施している内容【複数選択可】 ※列K
A54: Q5 手術前リハ内容（複数選択） | C54: 関数カウント | D54: 割合 | E54: PPTX値 | F54: 差分
A55: No. | B55: 回答選択肢 | C55: 関数カウント | D55: 割合(%) | E55: PPTX値 | F55: 差分(関数-PPTX)
A56: 1 | B56: 筋力増強運動 | C56: =COUNTIF('サマリ作成用'!K:K,"*筋力増強運動*") | D56: =IF(C56="","",ROUND(C56/(COUNTA('サマリ作成用'!A:A)-1)*100,1)) | E56: 196 | F56: =IF(OR(C56="",E56=""),"",C56-E56)
A57: 2 | B57: 関節可動域運動 | C57: =COUNTIF('サマリ作成用'!K:K,"*関節可動域運動*") | D57: =IF(C57="","",ROUND(C57/(COUNTA('サマリ作成用'!A:A)-1)*100,1)) | E57: 192 | F57: =IF(OR(C57="",E57=""),"",C57-E57)
A58: 3 | B58: 術後リハビリテーションのオリエンテーション | C58: =COUNTIF('サマリ作成用'!K:K,"*術後リハビリテーションのオリエンテーション*") | D58: =IF(C58="","",ROUND(C58/(COUNTA('サマリ作成用'!A:A)-1)*100,1)) | E58: 178 | F58: =IF(OR(C58="",E58=""),"",C58-E58)
A59: 4 | B59: ポジショニング | C59: =COUNTIF('サマリ作成用'!K:K,"*ポジショニング*") | D59: =IF(C59="","",ROUND(C59/(COUNTA('サマリ作成用'!A:A)-1)*100,1)) | E59: 175 | F59: =IF(OR(C59="",E59=""),"",C59-E59)
A60: 5 | B60: DVT予防 | C60: =COUNTIF('サマリ作成用'!K:K,"*DVT予防*") | D60: =IF(C60="","",ROUND(C60/(COUNTA('サマリ作成用'!A:A)-1)*100,1)) | E60: 171 | F60: =IF(OR(C60="",E60=""),"",C60-E60)
A61: 6 | B61: 自主運動指導 | C61: =COUNTIF('サマリ作成用'!K:K,"*自主運動指導*") | D61: =IF(C61="","",ROUND(C61/(COUNTA('サマリ作成用'!A:A)-1)*100,1)) | E61: 169 | F61: =IF(OR(C61="",E61=""),"",C61-E61)
A62: 7 | B62: リラクセーション | C62: =COUNTIF('サマリ作成用'!K:K,"*リラクセーション*") | D62: =IF(C62="","",ROUND(C62/(COUNTA('サマリ作成用'!A:A)-1)*100,1)) | E62: 106 | F62: =IF(OR(C62="",E62=""),"",C62-E62)
A63: 8 | B63: 離床（例：車椅子移乗,立位,歩行など） | C63: =COUNTIF('サマリ作成用'!K:K,"*離床*") | D63: =IF(C63="","",ROUND(C63/(COUNTA('サマリ作成用'!A:A)-1)*100,1)) | E63: 80 | F63: =IF(OR(C63="",E63=""),"",C63-E63)
A64: 9 | B64: 呼吸リハビリテーション | C64: =COUNTIF('サマリ作成用'!K:K,"*呼吸リハビリテーション*") | D64: =IF(C64="","",ROUND(C64/(COUNTA('サマリ作成用'!A:A)-1)*100,1)) | E64: 69 | F64: =IF(OR(C64="",E64=""),"",C64-E64)
A65: 10 | B65: 実施していない | C65: =COUNTIF('サマリ作成用'!K:K,"*実施していない*") | D65: =IF(C65="","",ROUND(C65/(COUNTA('サマリ作成用'!A:A)-1)*100,1)) | E65: 55 | F65: =IF(OR(C65="",E65=""),"",C65-E65)
A66: 11 | B66: その他（上記以外の自由記述） | C66: =COUNTIF('サマリ作成用'!K:K,"*")-COUNTIF('サマリ作成用'!K:K,"*筋力増強運動*")-COUNTIF('サマリ作成用'!K:K,"*関節可動域運動*")-COUNTIF('サマリ作成用'!K:K,"*術後リハビリテーションのオリエンテーション*")-COUNTIF('サマリ作成用'!K:K,"*ポジショニング*")-COUNTIF('サマリ作成用'!K:K,"*DVT予防*")-COUNTIF('サマリ作成用'!K:K,"*自主運動指導*")-COUNTIF('サマリ作成用'!K:K,"*リラクセーション*")-COUNTIF('サマリ作成用'!K:K,"*離床*")-COUNTIF('サマリ作成用'!K:K,"*呼吸リハビリテーション*")-COUNTIF('サマリ作成用'!K:K,"*実施していない*") | D66: =IF(C66="","",ROUND(C66/(COUNTA('サマリ作成用'!A:A)-1)*100,1)) | E66: 18 | F66: =IF(OR(C66="",E66=""),"",C66-E66)
A67: 合計（複数選択のため有効回答数を超える） | C67: =SUM(C56:C66)
A69: ■ Q6. 身体機能（疼痛、筋力低下など）が原因による制限【4段階評価】 ※列L
A70: Q6 身体機能制限（単一選択） | C70: 関数カウント | D70: 割合 | E70: PPTX値 | F70: 差分
A71: No. | B71: 回答選択肢 | C71: 関数カウント | D71: 割合(%) | E71: PPTX値 | F71: 差分(関数-PPTX)
A72: 1 | B72: 全症例の0％〜24％程度 | C72: =COUNTIF('サマリ作成用'!L:L,"全症例の0％〜24％程度") | D72: =IF(C72="","",ROUND(C72/(COUNTA('サマリ作成用'!A:A)-1)*100,1)) | E72: 107 | F72: =IF(OR(C72="",E72=""),"",C72-E72)
A73: 2 | B73: 全症例の25％〜49％程度 | C73: =COUNTIF('サマリ作成用'!L:L,"全症例の25％〜49％程度") | D73: =IF(C73="","",ROUND(C73/(COUNTA('サマリ作成用'!A:A)-1)*100,1)) | E73: 84 | F73: =IF(OR(C73="",E73=""),"",C73-E73)
A74: 3 | B74: 全症例の50％〜74％程度 | C74: =COUNTIF('サマリ作成用'!L:L,"全症例の50％〜74％程度") | D74: =IF(C74="","",ROUND(C74/(COUNTA('サマリ作成用'!A:A)-1)*100,1)) | E74: 53 | F74: =IF(OR(C74="",E74=""),"",C74-E74)
A75: 4 | B75: 全症例の75％〜100％程度 | C75: =COUNTIF('サマリ作成用'!L:L,"全症例の75％〜100％程度") | D75: =IF(C75="","",ROUND(C75/(COUNTA('サマリ作成用'!A:A)-1)*100,1)) | E75: 45 | F75: =IF(OR(C75="",E75=""),"",C75-E75)
A76: 合計 | C76: =SUM(C72:C75) | D76: =ROUND(C76/(COUNTA('サマリ作成用'!A:A)-1)*100,1)
A78: ■ Q7. 精神・認知機能（認知機能低下、せん妄など）が原因による制限【4段階評価】 ※列N
A79: Q7 精神・認知機能制限（単一選択） | C79: 関数カウント | D79: 割合 | E79: PPTX値 | F79: 差分
A80: No. | B80: 回答選択肢 | C80: 関数カウント | D80: 割合(%) | E80: PPTX値 | F80: 差分(関数-PPTX)
A81: 1 | B81: 全症例の0％〜24％程度 | C81: =COUNTIF('サマリ作成用'!N:N,"全症例の0％〜24％程度") | D81: =IF(C81="","",ROUND(C81/(COUNTA('サマリ作成用'!A:A)-1)*100,1)) | E81: 192 | F81: =IF(OR(C81="",E81=""),"",C81-E81)
A82: 2 | B82: 全症例の25％〜49％程度 | C82: =COUNTIF('サマリ作成用'!N:N,"全症例の25％〜49％程度") | D82: =IF(C82="","",ROUND(C82/(COUNTA('サマリ作成用'!A:A)-1)*100,1)) | E82: 78 | F82: =IF(OR(C82="",E82=""),"",C82-E82)
A83: 3 | B83: 全症例の50％〜74％程度 | C83: =COUNTIF('サマリ作成用'!N:N,"全症例の50％〜74％程度") | D83: =IF(C83="","",ROUND(C83/(COUNTA('サマリ作成用'!A:A)-1)*100,1)) | E83: 18 | F83: =IF(OR(C83="",E83=""),"",C83-E83)
A84: 4 | B84: 全症例の75％〜100％程度 | C84: =COUNTIF('サマリ作成用'!N:N,"全症例の75％〜100％程度") | D84: =IF(C84="","",ROUND(C84/(COUNTA('サマリ作成用'!A:A)-1)*100,1)) | E84: 1 | F84: =IF(OR(C84="",E84=""),"",C84-E84)
A85: 合計 | C85: =SUM(C81:C84) | D85: =ROUND(C85/(COUNTA('サマリ作成用'!A:A)-1)*100,1)
A87: ■ Q8. 全身状態（呼吸・循環障害、貧血、電解質異常など）が原因による制限【4段階評価】 ※列P
A88: Q8 全身状態制限（単一選択） | C88: 関数カウント | D88: 割合 | E88: PPTX値 | F88: 差分
A89: No. | B89: 回答選択肢 | C89: 関数カウント | D89: 割合(%) | E89: PPTX値 | F89: 差分(関数-PPTX)
A90: 1 | B90: 全症例の0％〜24％程度 | C90: =COUNTIF('サマリ作成用'!P:P,"全症例の0％〜24％程度") | D90: =IF(C90="","",ROUND(C90/(COUNTA('サマリ作成用'!A:A)-1)*100,1)) | E90: 228 | F90: =IF(OR(C90="",E90=""),"",C90-E90)
A91: 2 | B91: 全症例の25％〜49％程度 | C91: =COUNTIF('サマリ作成用'!P:P,"全症例の25％〜49％程度") | D91: =IF(C91="","",ROUND(C91/(COUNTA('サマリ作成用'!A:A)-1)*100,1)) | E91: 55 | F91: =IF(OR(C91="",E91=""),"",C91-E91)
A92: 3 | B92: 全症例の50％〜74％程度 | C92: =COUNTIF('サマリ作成用'!P:P,"全症例の50％〜74％程度") | D92: =IF(C92="","",ROUND(C92/(COUNTA('サマリ作成用'!A:A)-1)*100,1)) | E92: 4 | F92: =IF(OR(C92="",E92=""),"",C92-E92)
A93: 4 | B93: 全症例の75％〜100％程度 | C93: =COUNTIF('サマリ作成用'!P:P,"全症例の75％〜100％程度") | D93: =IF(C93="","",ROUND(C93/(COUNTA('サマリ作成用'!A:A)-1)*100,1)) | E93: 2 | F93: =IF(OR(C93="",E93=""),"",C93-E93)
A94: 合計 | C94: =SUM(C90:C93) | D94: =ROUND(C94/(COUNTA('サマリ作成用'!A:A)-1)*100,1)
A96: ■ Q9. 環境的要因（ベッド配置、病室環境、動線など）が原因による制限【4段階評価】 ※列R
A97: Q9 環境的要因制限（単一選択） | C97: 関数カウント | D97: 割合 | E97: PPTX値 | F97: 差分
A98: No. | B98: 回答選択肢 | C98: 関数カウント | D98: 割合(%) | E98: PPTX値 | F98: 差分(関数-PPTX)
A99: 1 | B99: 全症例の0％〜24％程度 | C99: =COUNTIF('サマリ作成用'!R:R,"全症例の0％〜24％程度") | D99: =IF(C99="","",ROUND(C99/(COUNTA('サマリ作成用'!A:A)-1)*100,1)) | E99: 271 | F99: =IF(OR(C99="",E99=""),"",C99-E99)
A100: 2 | B100: 全症例の25％〜49％程度 | C100: =COUNTIF('サマリ作成用'!R:R,"全症例の25％〜49％程度") | D100: =IF(C100="","",ROUND(C100/(COUNTA('サマリ作成用'!A:A)-1)*100,1)) | E100: 15 | F100: =IF(OR(C100="",E100=""),"",C100-E100)
A101: 3 | B101: 全症例の50％〜74％程度 | C101: =COUNTIF('サマリ作成用'!R:R,"全症例の50％〜74％程度") | D101: =IF(C101="","",ROUND(C101/(COUNTA('サマリ作成用'!A:A)-1)*100,1)) | E101: 0 | F101: =IF(OR(C101="",E101=""),"",C101-E101)
A102: 4 | B102: 全症例の75％〜100％程度 | C102: =COUNTIF('サマリ作成用'!R:R,"全症例の75％〜100％程度") | D102: =IF(C102="","",ROUND(C102/(COUNTA('サマリ作成用'!A:A)-1)*100,1)) | E102: 3 | F102: =IF(OR(C102="",E102=""),"",C102-E102)
A103: 合計 | C103: =SUM(C99:C102) | D103: =ROUND(C103/(COUNTA('サマリ作成用'!A:A)-1)*100,1)
A105: ■ Q10. サルコペニアの評価項目【複数選択可】 ※列T
A106: Q10 サルコペニア評価（複数選択） | C106: 関数カウント | D106: 割合 | E106: PPTX値 | F106: 差分
A107: No. | B107: 回答選択肢 | C107: 関数カウント | D107: 割合(%) | E107: PPTX値 | F107: 差分(関数-PPTX)
A108: 1 | B108: 握力 | C108: =COUNTIF('サマリ作成用'!T:T,"*握力*") | D108: =IF(C108="","",ROUND(C108/(COUNTA('サマリ作成用'!A:A)-1)*100,1)) | E108: 169 | F108: =IF(OR(C108="",E108=""),"",C108-E108)
A109: 2 | B109: 歩行速度 | C109: =COUNTIF('サマリ作成用'!T:T,"*歩行速度*") | D109: =IF(C109="","",ROUND(C109/(COUNTA('サマリ作成用'!A:A)-1)*100,1)) | E109: 124 | F109: =IF(OR(C109="",E109=""),"",C109-E109)
A110: 3 | B110: 下腿周径 | C110: =COUNTIF('サマリ作成用'!T:T,"*下腿周径*") | D110: =IF(C110="","",ROUND(C110/(COUNTA('サマリ作成用'!A:A)-1)*100,1)) | E110: 115 | F110: =IF(OR(C110="",E110=""),"",C110-E110)
A111: 4 | B111: TUG | C111: =COUNTIF('サマリ作成用'!T:T,"*TUG*") | D111: =IF(C111="","",ROUND(C111/(COUNTA('サマリ作成用'!A:A)-1)*100,1)) | E111: 111 | F111: =IF(OR(C111="",E111=""),"",C111-E111)
...
